Provinsi,Kabupaten/Kota,rasio_pengelolaan,rasio_pengurangan,rasio_penanganan,recycling_rate,Luas (hektar),Jml Sumur Pantau,utilisasi_tpa,efisiensi_landfill,rasio_recovery_pemulung,rasio_organik_terolah,sampah_per_hektar,proporsi_landfill_aktif,usia_operasi_tpa,skor_penutupan,skor_jembatan,skor_drainase,skor_infrastruktur,Jenis_TPA Pemda (Non Regional),Jenis_TPA Regional,Jenis_nan,Pengelola_Lainnya,Pengelola_Pemda DATI I,Pengelola_Pemda DATI II,Pengelola_Swasta,Pengelola_Tidak Diketahui,Pengelola_nan,Sistem Operasional_Control Landfill,Sistem Operasional_Open Dumping,Sistem Operasional_Sanitary Landfill,Sistem Operasional_Tidak Diketahui,Sistem Operasional_nan,Ada Data SIPSN,Ada Data TPA,P1/P2,Status
Aceh,Kab. Aceh Barat,0.7437753486437816,1.9803310918798957e-05,0.7437555453328628,0.09463872430317506,10.0,1.0,0.6533826489882618,0.9818643453028655,0.018135654697134566,0.0,2012.61,0.1,3.0,4.0,1.0,1.0,6.0,1,0,0,0,0,1,0,0,0,1,0,0,0,0,1,1,P 1,A
Aceh,Kab. Aceh Barat Daya,0.017912652765961785,0.007747783545681629,0.010164869220280155,0.017912652765961785,0.0,1.0,0.23552745754307675,1.0,0.0,0.0,,1.0,12.0,4.0,2.0,1.0,7.0,1,0,0,0,0,1,0,0,0,0,1,0,0,0,1,1,P 1,A
Aceh,Kab. Aceh Besar,0.020722833232946342,8.334014305281438e-05,0.02063949308989353,0.02063949308989353,,,,,,,,,,,,,0.0,0,0,1,0,0,0,0,1,0,0,0,0,1,0,1,0,P 1,
Aceh,Kab. Aceh Jaya,0.015172817745712655,0.0,0.015172817745712655,0.015172817745712655,5.0,1.0,0.40056400951435095,0.9901526341703595,0.009847365829640572,0.0,1482.6299999999999,0.1,10.0,0.0,0.0,1.0,1.0,1,0,0,0,0,1,0,0,0,0,1,0,0,0,1,1,P 1,A
Aceh,Kab. Aceh Jaya,0.015172817745712655,0.0,0.015172817745712655,0.015172817745712655,1.5,,0.1538355132551422,0.9871794871794872,0.01282051282051282,0.0,1898.0,0.3333333333333333,19.0,0.0,0.0,1.0,1.0,1,0,0,0,0,1,0,0,0,0,1,0,0,0,1,1,P 1,A
Aceh,Kab. Aceh Selatan,0.0005270141450370099,0.0,0.0005270141450370099,0.0005270141450370099,5.3,1.0,0.36157925364381316,0.9891428571428571,0.010857142857142857,0.0,2410.377358490566,0.0003773584905660377,,,1.0,1.0,2.0,1,0,0,0,0,1,0,0,0,0,1,0,0,0,1,1,P 1,A
Aceh,Kab. Aceh Singkil,0.11463796477495107,0.0,0.11463796477495107,0.11463796477495107,6.15,,0.20535714285714285,0.9565217391304348,0.043478260869565216,0.0,682.520325203252,0.14308943089430895,,0.0,0.0,0.0,0.0,1,0,0,0,0,1,0,0,0,0,1,0,0,0,1,1,P 1,A
Aceh,Kab. Aceh Tamiang,0.02920134954892418,0.001691263851875061,0.027510085697049116,0.027510085697049116,5.2,2.0,0.17573153220368912,0.470561797752809,0.30471910112359546,0.06741573033707865,1561.7788461538462,0.1,15.0,3.0,2.0,1.0,6.0,1,0,0,0,0,1,0,0,0,0,0,0,1,0,1,1,P 1,A
Aceh,Kab. Aceh Tengah,0.026680957790545454,0.0,0.026680957790545454,0.026680957790545454,9.0,3.0,0.5615171346857499,0.96875,0.03125,0.0,2595.5555555555557,2.2222222222222223e-05,9.0,0.0,0.0,0.0,0.0,1,0,0,0,0,1,0,0,0,0,1,0,0,0,1,1,P 1,A
Aceh,Kab. Aceh Tenggara,0.0,0.0,0.0,0.0,48.39,4.0,0.2331178586156201,0.7778587035688274,0.21849963583394028,0.003641660597232338,207.12750568299234,0.012220706757594546,12.0,1.0,2.0,1.0,4.0,1,0,0,0,0,1,0,0,0,0,1,0,0,0,1,1,P 1,A
Aceh,Kab. Aceh Timur,0.3133901666327955,2.790845847481165e-05,0.3133622581743207,0.012787418154363168,5.0,,0.30425103717777796,0.991095515115912,0.008904484884088001,0.0,4099.058,0.84,9.0,1.0,0.0,0.0,1.0,1,0,0,0,0,1,0,0,0,0,1,0,0,0,1,1,P 1,A
Aceh,Kab. Aceh Timur,0.3133901666327955,2.790845847481165e-05,0.3133622581743207,0.012787418154363168,2.06,,0.13467924348482233,0.9879304396516472,0.012069560348352864,0.0,4404.082524271845,0.7281553398058253,14.0,2.0,0.0,0.0,2.0,1,0,0,0,0,1,0,0,0,0,1,0,0,0,1,1,P 1,A
Aceh,Kab. Aceh Utara,0.012344873793614809,0.0,0.012344873793614809,0.012344873793614809,32.0,1.0,0.1544444879452519,0.9595959595959596,0.04040404040404041,0.0,564.609375,0.0140625,17.0,0.0,1.0,0.0,1.0,1,0,0,0,0,1,0,0,0,0,1,0,0,0,1,1,P 1,A
Aceh,Kab. Bener Meriah,0.46177927050960177,0.0005267294282895507,0.46125254108131225,0.08720298312793674,10.0,,0.3740495579533755,0.9222999222999223,0.0777000777000777,0.0,939.51,0.005,5.0,4.0,0.0,1.0,5.0,1,0,0,0,0,1,0,0,0,1,0,0,0,0,1,1,P 1,A
Aceh,Kab. Bireuen,0.16773815768606737,0.0,0.16773815768606737,0.16773815768606737,1164.0,,0.46149341856464937,1.0,0.0,0.0,23.725,0.0,6.0,0.0,0.0,1.0,1.0,1,0,0,0,0,1,0,0,0,0,1,0,0,0,1,1,P 1,A
Aceh,Kab. Gayo Lues,0.03576332322597587,0.0,0.03576332322597587,0.03576332322597587,5.0,2.0,0.5960553870995978,0.96,0.04,0.0,1825.0,0.008,11.0,1.0,0.0,1.0,2.0,1,0,0,0,0,1,0,0,0,0,1,0,0,0,1,1,P 1,A
Aceh,Kab. Nagan Raya,0.6877535830663242,0.00033243775585226596,0.6874211453104719,0.2553685482870568,10.5,1.0,0.3740964803199874,0.9804428044280442,0.001107011070110701,0.01845018450184502,942.047619047619,0.09523809523809523,9.0,3.0,2.0,1.0,6.0,1,0,0,0,0,1,0,0,0,1,0,0,0,0,1,1,P 1,A
Aceh,Kab. Pidie,0.030585399993074868,0.0,0.030585399993074868,0.030585399993074868,4.55,2.0,0.2908465494180866,1.0,0.0,0.0,4264.483516483517,0.7692307692307693,13.0,3.0,0.0,1.0,4.0,1,0,0,0,0,1,0,0,0,1,0,0,0,0,1,1,P 1,A
Aceh,Kab. Pidie Jaya,,,,,10.0,,,1.0,0.0,0.0,730.0,,13.0,0.0,0.0,0.0,0.0,1,0,0,0,0,1,0,0,0,0,1,0,0,0,0,1,,A
Aceh,Kab. Simeulue,0.04559071473653332,0.0,0.04559071473653332,0.04559071473653332,5.62,2.0,0.40341530338004217,0.9919571045576407,0.005361930294906166,0.0,1211.2544483985764,0.11345195729537366,8.0,1.0,0.0,1.0,2.0,1,0,0,0,0,1,0,0,0,0,1,0,0,0,1,1,P 1,A
Aceh,Kota Banda Aceh,0.17497278062089267,0.0095382566328492,0.16543452398804345,0.17491029874063793,206.0,2.0,0.3198214563231208,1.0,0.0,0.0,136.6623786407767,0.009708737864077669,,2.0,2.0,1.0,5.0,0,1,0,0,1,0,0,0,0,0,1,0,0,0,1,1,P 1,A
Aceh,Kota Banda Aceh,0.17497278062089267,0.0095382566328492,0.16543452398804345,0.17491029874063793,23.3,3.0,0.4797114518607785,0.9859970611115915,0.014002938888408678,0.0,1812.311158798283,0.0407725321888412,15.0,3.0,2.0,1.0,6.0,1,0,0,0,0,0,0,1,0,1,0,0,0,0,1,1,P 1,A
Aceh,Kota Langsa,0.6518158722762363,0.015316864848405942,0.6364990074278304,0.025311409649118367,0.0,2.0,0.6262384062118364,0.9907965361292455,0.0,0.0030391174570370224,,1.0,17.0,4.0,2.0,1.0,7.0,1,0,0,0,0,1,0,0,0,1,0,0,0,0,1,1,P 1,A
Aceh,Kota Lhokseumawe,0.0,0.0,0.0,0.0,,,,,,,,,,,,,0.0,0,0,1,0,0,0,0,1,0,0,0,0,1,0,1,0,P 1,
Aceh,Kota Sabang,0.6986700638659644,0.0,0.6986700638659644,0.0,5.14,1.0,0.6986700638659644,1.0,0.0,0.0,1048.842412451362,0.10505836575875487,25.0,1.0,0.0,1.0,2.0,1,0,0,0,0,1,0,0,0,1,0,0,0,0,1,1,P 1,A
Aceh,Kota Subulussalam,0.005684348885088941,0.0,0.005684348885088941,0.005684348885088941,6899.0,,0.6631740365937098,0.8571428571428571,0.14285714285714285,0.0,1.8517176402377156,,,0.0,,0.0,0.0,1,0,0,0,0,1,0,0,0,0,0,0,1,0,1,1,P 1,A
Bali,Kab. Badung,0.9662709190720411,0.06027212292173982,0.9059987961503012,0.3499348096706833,10.0,3.0,0.6198782709496414,1.0,0.0,0.0,10220.0,0.5,,1.0,1.0,1.0,3.0,0,1,0,0,1,0,0,0,0,0,1,0,0,0,1,1,P 1,A
Bali,Kab. Bangli,0.24716118255252104,0.06255822115727167,0.1846029613952494,0.24666194699946473,4.75,3.0,0.6269592476489028,0.9804469273743017,0.019553072625698324,0.0,5501.894736842105,0.21056842105263157,17.0,1.0,0.0,1.0,2.0,1,0,0,0,0,1,0,0,0,0,1,0,0,0,1,1,P 1,A
Bali,Kab. Buleleng,0.7399345190280282,0.0,0.7399345190280282,0.10884483903931884,4.8,2.0,0.6718309124943096,0.9948474038842648,0.0010809642200843152,0.002882571253558174,21103.84375,0.3821377083333333,21.0,4.0,0.0,1.0,5.0,1,0,0,0,0,1,0,0,0,1,0,0,0,0,1,1,P 1,A
Bali,Kab. Gianyar,0.5275870876370473,0.13909115327326446,0.3884959343637828,0.3931663614387224,5.4,,0.13442067736185384,1.0,0.0,0.0,5097.157407407407,0.29074074074074074,,3.0,0.0,1.0,4.0,1,0,0,0,0,1,0,0,0,1,0,0,0,0,1,1,P 1,A
Bali,Kab. Jembrana,0.26547570627606637,0.0015740841330994537,0.2639016221429669,0.21503694998966622,2.0,2.0,0.32036462445879993,0.8641509433962264,0.13584905660377358,0.0,9672.5,0.365,,0.0,2.0,1.0,3.0,1,0,0,0,0,1,0,0,0,0,1,0,0,0,1,1,P 1,A
Bali,Kab. Karangasem,0.09636349245410905,0.005452446901972287,0.09091104555213678,0.09636349245410905,1.0,2.0,0.10281080998862885,0.8266666666666667,0.006666666666666667,0.06666666666666667,10950.0,0.0077,6.0,0.0,1.0,1.0,2.0,1,0,0,0,0,1,0,0,0,0,1,0,0,0,1,1,P 1,A
Bali,Kab. Klungkung,0.5756296175564135,0.014936775572128837,0.5606928419842847,0.5709489061227401,0.98,,0.13381492701062728,1.0,0.0,0.0,5705.173469387755,1.0,,0.0,0.0,0.0,0.0,1,0,0,0,0,1,0,0,0,0,1,0,0,0,1,1,P 1,A
Bali,Kab. Klungkung,0.5756296175564135,0.014936775572128837,0.5606928419842847,0.5709489061227401,1.84,,0.10102936400291895,1.0,0.0,0.0,2294.141304347826,0.9728260869565217,,0.0,,0.0,0.0,1,0,0,0,0,1,0,0,0,0,1,0,0,0,1,1,P 1,A
Bali,Kab. Klungkung,0.5756296175564135,0.014936775572128837,0.5606928419842847,0.5709489061227401,0.9,,0.039966148191175596,1.0,0.0,0.0,1855.411111111111,1.0,,,0.0,0.0,0.0,1,0,0,0,0,1,0,0,0,0,1,0,0,0,1,1,P 1,A
Banten,Kab. Lebak,0.15829280761141926,0.0004627790226855752,0.15783002858873368,0.028924682195346343,5.0,,0.0966790097950405,0.9583333333333334,0.03333333333333333,0.008333333333333333,4380.0,,,2.0,0.0,1.0,3.0,1,0,0,1,0,0,0,0,0,0,1,0,0,0,1,1,P 1,A
Banten,Kab. Lebak,0.15829280761141926,0.0004627790226855752,0.15783002858873368,0.028924682195346343,9.0,1.0,0.14369723489202854,0.9719668087015025,0.022426553038797935,0.005606638259699484,3616.7444444444445,0.0003333333333333333,,3.0,2.0,1.0,6.0,1,0,0,0,0,0,0,1,0,1,0,0,0,0,1,1,P 1,A
Banten,Kota Serang,,,,,177.0,2.0,,0.9917349086459114,0.0,0.0,820.857627118644,,30.0,3.0,2.0,1.0,6.0,1,0,0,0,0,1,0,0,0,1,0,0,0,0,0,1,,A
Banten,Kota Tangerang,0.08949443123554582,0.0014017928793759132,0.0880926383561699,0.05689923642342777,34.5,3.0,0.8981133333675306,1.0,0.0,0.0,16036.725217391306,,22.0,0.0,2.0,1.0,3.0,1,0,0,0,0,1,0,0,0,0,1,0,0,0,1,1,P 1,A
Bengkulu,Kab. Bengkulu Tengah,0.009676243600314815,0.0,0.009676243600314815,0.009676243600314815,,,,,,,,,,,,,0.0,0,0,1,0,0,0,0,1,0,0,0,0,1,0,1,0,P 1,
Bengkulu,Kab. Bengkulu Utara,0.8956462498598384,0.015494632284636323,0.8801516175752021,0.6744470165550303,4.7,2.0,0.2211992333048082,0.8007246376811594,0.10024154589371981,0.09903381642512077,3215.106382978723,0.425531914893617,15.0,4.0,0.0,1.0,5.0,1,0,0,0,0,1,0,0,0,1,0,0,0,0,1,1,P 1,A
Bengkulu,Kab. Lebong,0.0,0.0,0.0,0.0,1.0,,0.2596952908587258,1.0,0.0,0.0,4380.0,0.0,13.0,0.0,0.0,0.0,0.0,1,0,0,0,0,1,0,0,0,0,1,0,0,0,1,1,P 1,A
Bengkulu,Kab. Seluma,0.03118450848884608,0.0,0.03118450848884608,0.020794038951475788,0.0,3.0,0.0076382358194464145,1.0,0.0,0.0,,1.0,,0.0,0.0,1.0,1.0,1,0,0,0,0,1,0,0,0,0,1,0,0,0,1,1,P 1,A
Bengkulu,Kota Bengkulu,0.03528202900053586,0.00808675891726189,0.02719527008327397,0.021452921566017445,8.6,2.0,0.6669488477476655,1.0,0.0,0.0,5668.853488372093,0.23255813953488372,33.0,1.0,0.0,1.0,2.0,1,0,0,0,0,1,0,0,0,0,1,0,0,0,1,1,P 1,A
DKI Jakarta,Kab. Adm. Kep. Seribu,0.36434013790189956,0.10464249611490818,0.2596976417869914,0.3548710753028863,104.72,,0.7434496597715717,1.0,0.0,0.0,47.05414438502674,0.5818372803666921,36.0,1.0,2.0,0.0,3.0,0,1,0,0,0,0,0,1,0,0,1,0,0,0,1,1,P 1,A
DKI Jakarta,Kota Adm. Jakarta Barat,0.2629448791571335,0.00010648955043438678,0.26283838960669914,0.24614460548245434,104.72,,0.5764708343141908,1.0,0.0,0.0,4447.757639419404,,36.0,0.0,2.0,0.0,2.0,0,1,0,0,0,0,0,1,0,0,1,0,0,0,1,1,P 1,A
DKI Jakarta,Kota Adm. Jakarta Pusat,0.20312835694402923,0.00021433356771776956,0.20291402337631148,0.111984228523197,104.72,,0.6971750848546052,1.0,0.0,0.0,2085.1566080977846,,36.0,0.0,2.0,0.0,2.0,0,1,0,0,1,0,0,0,0,0,1,0,0,0,1,1,P 1,A
DKI Jakarta,Kota Adm. Jakarta Selatan,0.3005014422405472,5.612155184943533e-05,0.3004453206886978,0.28254470416995286,104.72,2.0,0.699298279777439,1.0,0.0,0.0,4888.0269289534,0.5818372803666921,36.0,0.0,2.0,1.0,3.0,0,1,0,0,1,0,0,0,0,0,1,0,0,0,1,1,P 1,A
DKI Jakarta,Kota Adm. Jakarta Timur,0.3954450121767317,0.026140881827599802,0.3693041303491319,0.3952899166266792,104.72,,0.6142803443001197,1.0,0.0,0.0,5083.196715049656,,36.0,0.0,2.0,0.0,2.0,0,1,0,0,0,0,0,1,0,0,1,0,0,0,1,1,P 1,A
DKI Jakarta,Kota Adm. Jakarta Utara,0.341417864038469,0.00010550426862491296,0.34131235976984414,0.341417864038469,0.0,,0.6596377869260698,1.0,0.0,0.0,,,,0.0,2.0,0.0,2.0,0,1,0,0,1,0,0,0,0,0,1,0,0,0,1,1,P 1,A
Daerah Istimewa Yogyakarta,Kab. Bantul,0.36593910741679636,0.0,0.36593910741679636,0.2915788827819138,0.0,6.0,0.03567835629309545,1.0,0.0,0.0,,1.0,,1.0,2.0,1.0,4.0,0,1,0,0,1,0,0,0,0,1,0,0,0,0,1,1,P 1,A
Daerah Istimewa Yogyakarta,Kab. Gunungkidul,0.27235672906904873,0.000229384469741649,0.2721273445993071,0.12534258494233194,9.1,2.0,0.14764630441220264,0.8010291595197255,0.02058319039451115,0.12864493996569468,2338.4065934065934,0.1934065934065934,,3.0,2.0,1.0,6.0,1,0,0,0,0,1,0,0,0,1,0,0,0,0,1,1,P 1,A
Daerah Istimewa Yogyakarta,Kab. Kulon Progo,0.5086705122092676,0.21368889862309118,0.2949816135861764,0.36291287424934393,4.29,4.0,0.14611543718182396,0.8046013236684526,0.08509297195083516,0.08509297195083516,2699.6386946386947,0.1258741258741259,15.0,7.0,2.0,1.0,10.0,1,0,0,0,0,1,0,0,0,1,0,0,0,0,1,1,P 1,A
Daerah Istimewa Yogyakarta,Kab. Sleman,0.2101231558476489,0.005287048306776778,0.20483610754087211,0.12250950670723837,12.5,6.0,0.007901995465315392,1.0,0.0,0.0,135.0504,0.32,,1.0,2.0,1.0,4.0,0,1,0,0,1,0,0,0,0,1,0,0,0,0,1,1,P 1,A
Daerah Istimewa Yogyakarta,Kota Yogyakarta,0.806456819059978,0.0009158543964656222,0.8055409646635123,0.3550725575393498,12.5,,0.2078565726450239,1.0,0.0,0.0,1824.7079999999999,0.0008,,4.0,2.0,1.0,7.0,0,1,0,0,1,0,0,0,0,1,0,0,0,0,1,1,P 1,A
Gorontalo,Kab. Bone Bolango,0.14366259145454194,0.02685784059910268,0.11680475085543925,0.12157608772321231,0.0,,0.15981261582848683,0.879474940334129,0.12052505966587113,0.0,,,,7.0,2.0,0.0,9.0,0,1,0,0,1,0,0,0,0,0,0,0,1,0,1,1,P 1,A
Gorontalo,Kota Gorontalo,0.62739165963406,0.00019072123969570218,0.6272009383943642,0.11103052915779947,0.0,1.0,0.5196580471368117,0.9953020134228188,0.0020134228187919465,0.0013422818791946308,,1.0,,3.0,2.0,1.0,6.0,0,1,0,0,0,0,0,1,0,1,0,0,0,0,1,1,P 1,A
Jambi,Kab. Batanghari,0.0,0.0,0.0,0.0,12.42,3.0,0.217855551941435,0.8153880133305194,0.14878253486009335,0.03582945180938732,820.2214170692431,0.10645619967793882,9.0,0.0,2.0,1.0,3.0,1,0,0,0,0,1,0,0,0,0,1,0,0,0,1,1,P 1,A
Jambi,Kota Sungai Penuh,0.3037060602091092,0.0029738306114210702,0.3007322295976881,0.30365954398055944,0.0,,0.6440091642316935,0.9996969696969698,0.00030303030303030303,0.0,,,,0.0,0.0,0.0,0.0,0,0,1,0,0,0,0,1,0,0,0,0,1,0,1,1,P 1,A
Jawa Barat,Kab. Bandung Barat,,,,,0.0,3.0,,0.9244395442851894,0.07556045571481072,0.0,,1.0,,1.0,1.0,1.0,3.0,0,1,0,0,1,0,0,0,0,0,1,0,0,0,0,1,,A
Jawa Barat,Kab. Bekasi,0.010964522512476699,0.0,0.010964522512476699,0.010964522512476699,,,,,,,,,,,,,0.0,0,0,1,0,0,0,0,1,0,0,0,0,1,0,1,0,P 1,
Jawa Barat,Kab. Bogor,0.328549576126909,0.021264665696515292,0.3072849104303937,0.3285319776285961,,,,,,,,,,,,,0.0,0,0,1,0,0,0,0,1,0,0,0,0,1,0,1,0,P 1,
Jawa Barat,Kab. Ciamis,0.8226604353060386,0.011918813172657607,0.810741622133381,0.6551038601572076,14.12,2.0,0.1242567103361683,0.9847473784556722,0.0,0.004607562758182396,1626.9900849858357,0.10623229461756374,2.0,4.0,2.0,1.0,7.0,1,0,0,0,0,1,0,0,0,0,0,1,0,0,1,1,P 1,A
Jawa Barat,Kab. Ciamis,0.8226604353060386,0.011918813172657607,0.810741622133381,0.6551038601572076,5.0,2.0,0.035535760820639174,0.9705555555555556,0.0,0.015555555555555557,1314.0,0.02,10.0,4.0,2.0,1.0,7.0,1,0,0,0,0,1,0,0,0,0,0,1,0,0,1,1,P 1,A
Jawa Barat,Kab. Cianjur,0.03183215254323355,0.009336956604314498,0.02249519593891905,0.03177067735461967,2.7,3.0,0.20968087279973802,0.9320515051331129,0.007047155037410823,0.039150861318949015,31076.37037037037,1.0,1.0,1.0,2.0,1.0,4.0,1,0,0,0,0,1,0,0,0,0,1,0,0,0,1,1,P 1,A
Jawa Barat,Kab. Cirebon,0.019838394397463193,0.0,0.019838394397463193,0.019838394397463193,88.0,2.0,0.05931453898727983,0.9980980078415143,0.001901992158485797,0.0,307.5125,0.018977272727272728,2.0,2.0,2.0,1.0,5.0,1,0,0,0,0,1,0,0,0,0,1,0,0,0,1,1,P 1,A
Jawa Barat,Kab. Cirebon,0.019838394397463193,0.0,0.019838394397463193,0.019838394397463193,4.2,,0.20292068611726002,0.9938022393944173,0.006197760605582715,0.0,22042.52380952381,0.5238095238095238,39.0,2.0,0.0,1.0,3.0,1,0,0,1,0,0,0,0,0,0,1,0,0,0,1,1,P 1,A
Jawa Barat,Kab. Garut,0.13592144852722246,0.0,0.13592144852722246,0.13592144852722246,18.0,1.0,0.21273337807058512,1.0,0.0,0.0,5004.555555555556,,,1.0,2.0,1.0,4.0,1,0,0,0,0,1,0,0,0,0,1,0,0,0,1,1,P 1,A
Jawa Barat,Kab. Indramayu,0.2577969096562668,0.0026220569164558177,0.25517485273981094,0.07786402104916963,2.8,4.0,0.16962377479195848,0.9907597535934292,0.009240246406570842,0.0,25393.57142857143,0.45,5.0,3.0,2.0,1.0,6.0,1,0,0,0,0,1,0,0,0,1,0,0,0,0,1,1,P 1,A
Jawa Barat,Kab. Indramayu,0.2577969096562668,0.0026220569164558177,0.25517485273981094,0.07786402104916963,13.3,9.0,0.2683677997478522,0.9497079818299805,0.029201817001946788,0.02109020116807268,8458.12030075188,0.18045112781954886,9.0,2.0,2.0,1.0,5.0,1,0,0,0,0,1,0,0,0,0,1,0,0,0,1,1,P 1,A
Jawa Barat,Kab. Kuningan,0.10949267344769267,0.010716104736437276,0.09877656871125541,0.09877656871125541,5.5,1.0,0.5626407830812143,0.8397607093259267,0.03560873126090518,0.01780436563045259,18636.899999999998,7.272727272727273e-05,25.0,1.0,2.0,1.0,4.0,1,0,0,0,0,1,0,0,0,0,1,0,0,0,1,1,P 1,A
Jawa Barat,Kab. Subang,,,,,14.16,,,0.9833333333333333,0.016666666666666666,0.0,15466.101694915254,0.1483050847457627,,0.0,1.0,0.0,1.0,1,0,0,0,0,1,0,0,0,0,0,0,1,0,0,1,,A
Jawa Barat,Kab. Sumedang,0.09477400375984772,5.661883064135177e-05,0.09471738492920637,0.09476395307985222,10.0,2.0,0.3026511013646814,0.9943434343434344,0.0056565656565656566,0.0,5420.25,0.625,,2.0,2.0,0.0,4.0,1,0,0,0,0,1,0,0,0,0,1,0,0,0,1,1,P 1,A
Jawa Barat,Kota Banjar,0.9409485672194109,0.23259775154714793,0.7083508156722629,0.4596021968030925,10.3,4.0,0.503713342583601,0.9816492976891709,0.012233801540552786,0.006116900770276393,1564.1844660194174,0.04854368932038835,18.0,4.0,2.0,1.0,7.0,1,0,0,0,0,1,0,0,0,1,0,0,0,0,1,1,P 1,A
Jawa Barat,Kota Bekasi,,,,,22.0,4.0,,1.0,0.0,0.0,21991.91409090909,0.4863636363636364,,0.0,2.0,1.0,3.0,1,0,0,0,0,1,0,0,0,0,1,0,0,0,0,1,,A
Jawa Barat,Kota Bogor,0.9276752333622396,0.20861733133754767,0.7190579020246919,0.24511131592549687,38.7,1.0,0.671200140525672,1.0,0.0,0.0,4781.782945736434,0.027131782945736434,15.0,1.0,2.0,1.0,4.0,1,0,0,0,0,1,0,0,0,1,0,0,0,0,1,1,P 1,A
Jawa Barat,Kota Cirebon,0.10990096402043936,0.0005509737457401157,0.10934999027469924,0.10938747320477026,142.0,2.0,0.8101892280137288,0.9763817039246291,0.02361829607537098,0.0,450.5638028169014,0.05427676056338028,,1.0,0.0,1.0,2.0,1,0,0,0,0,1,0,0,0,0,1,0,0,0,1,1,P 1,A
Jawa Barat,Kota Depok,,,,,18.26,3.0,,0.9879518072289156,0.012048192771084338,0.0,16590.90909090909,0.2464403066812705,33.0,0.0,2.0,1.0,3.0,1,0,0,0,0,1,0,0,0,0,1,0,0,0,0,1,,A
Jawa Barat,Kota Tasikmalaya,0.16529738358852714,0.0,0.16529738358852714,0.16529738358852714,6.5,1.0,0.6720221772449562,1.0,0.0,0.0,12609.498461538462,0.6155076923076923,23.0,1.0,1.0,1.0,3.0,1,0,0,0,0,1,0,0,0,0,1,0,0,0,1,1,P 1,A
Jawa Tengah,Kab. Boyolali,0.6104349513077504,0.0035957213484456,0.6068392299593047,0.20617815934916695,60.0,3.0,0.3896290790916609,0.9627986348122867,0.032935153583617746,0.004266211604095563,712.9666666666667,0.009481666666666666,35.0,3.0,2.0,1.0,6.0,1,0,0,1,0,0,0,0,0,1,0,0,0,0,1,1,P 1,A
Jawa Tengah,Kab. Brebes,,,,,2.0,2.0,,0.99375,0.00625,0.0,14600.0,0.3,21.0,2.0,0.0,1.0,3.0,1,0,0,0,0,1,0,0,0,0,1,0,0,0,0,1,,A
Jawa Tengah,Kab. Brebes,,,,,4.0,2.0,,0.86,0.13333333333333333,0.006666666666666667,13687.5,0.375,20.0,0.0,1.0,1.0,2.0,1,0,0,0,0,1,0,0,0,0,1,0,0,0,0,1,,A
Jawa Tengah,Kab. Demak,0.029450716572446883,0.01596555234488122,0.01348516422756566,0.029450716572446883,25.06,2.0,0.18968973083027194,0.8,0.16666666666666666,0.025,1747.80526735834,0.04389465283320032,4.0,1.0,2.0,1.0,4.0,1,0,0,0,0,1,0,0,0,0,1,0,0,0,1,1,P 1,A
Jawa Tengah,Kab. Jepara,,,,,1.0,2.0,,0.9727895392278954,0.0,0.023312577833125778,803.0,0.0848,3.0,3.0,2.0,1.0,6.0,1,0,0,0,0,1,0,0,0,1,0,0,0,0,0,1,,A
Jawa Tengah,Kab. Jepara,,,,,7.29,1.0,,0.94679005205321,0.03470213996529786,0.01850780798149219,8656.858710562414,0.00015349794238683127,31.0,4.0,2.0,1.0,7.0,1,0,0,0,0,1,0,0,0,1,0,0,0,0,0,1,,A
Jawa Tengah,Kab. Karanganyar,,,,,5.6,2.0,,0.965,0.035,0.0,9776.785714285716,0.32142857142857145,,3.0,2.0,1.0,6.0,1,0,0,0,0,1,0,0,0,1,0,0,0,0,0,1,,A
Jawa Tengah,Kab. Klaten,0.5264446219328707,0.0,0.5264446219328707,0.27330287972859396,9.05,3.0,0.256191642712762,0.9404761904761905,0.0,0.05952380952380952,6775.690607734806,0.38186740331491714,7.0,2.0,2.0,1.0,5.0,1,0,0,0,0,1,0,0,0,0,1,0,0,0,1,1,P 1,A
Jawa Tengah,Kab. Magelang,,,,,1.2,,,0.9828452395539762,0.01715476044602377,0.0,24823.041666666668,0.05358333333333333,21.0,3.0,,1.0,4.0,1,0,0,0,0,1,0,0,0,1,0,0,0,0,0,1,,A
Jawa Tengah,Kab. Pati,,,,,12.5,4.0,,0.9920634920634921,0.005291005291005291,0.0026455026455026454,5518.8,9.6e-06,8.0,2.0,2.0,1.0,5.0,1,0,0,0,0,1,0,0,0,0,1,0,0,0,0,1,,A
Jawa Tengah,Kab. Pekalongan,,,,,4.54,3.0,,0.9340277777777778,0.059027777777777776,0.006944444444444444,11577.092511013216,0.44933920704845814,23.0,0.0,1.0,1.0,2.0,1,0,0,0,0,1,0,0,0,0,1,0,0,0,0,1,,A
Jawa Tengah,Kab. Purworejo,,,,,4.79,5.0,,0.9197271011757876,0.03338655828131804,0.021628683408332124,5249.446764091857,0.4175365344467641,28.0,3.0,2.0,1.0,6.0,1,0,0,0,0,1,0,0,0,1,0,0,0,0,0,1,,A
Jawa Tengah,Kab. Semarang,0.14243060552095835,0.028258010446666877,0.11417259507429148,0.14243060552095835,57.0,2.0,0.4978282077721494,0.9574538745387454,0.025940959409594094,0.016605166051660517,1735.3508771929824,0.009280701754385966,16.0,3.0,,1.0,4.0,1,0,0,0,0,1,0,0,0,0,0,0,1,0,1,1,P 1,A
Jawa Tengah,Kab. Sragen,0.4327746265201484,0.0017530691548629706,0.43102155736528547,0.11760828559334813,5.0,4.0,0.3234600054371275,0.9102564102564102,0.01282051282051282,0.05128205128205128,14235.0,0.0001598,34.0,3.0,0.0,1.0,4.0,1,0,0,0,0,1,0,0,0,1,0,0,0,0,1,1,P 1,A
Jawa Tengah,Kab. Sukoharjo,0.15665746966988245,0.003764783354169988,0.15289268631571248,0.15577579735199662,,,,,,,,,,,,,0.0,0,0,1,0,0,0,0,1,0,0,0,0,1,0,1,0,P 1,
Jawa Tengah,Kab. Tegal,0.10053778501148712,0.0,0.10053778501148712,0.10053778501148712,,,,,,,,,,,,,0.0,0,0,1,0,0,0,0,1,0,0,0,0,1,0,1,0,P 1,
Jawa Tengah,Kab. Wonogiri,0.5962205316113305,0.3440540771854056,0.25216645442592484,0.3896776856291386,8.2,3.0,0.20654284598219183,0.9806625431639662,0.005487041323568474,0.013850415512465374,3213.7804878048782,0.00024390243902439024,34.0,1.0,2.0,1.0,4.0,1,0,0,0,0,1,0,0,0,0,1,0,0,0,1,1,P 1,A
Jawa Tengah,Kab. Wonosobo,0.5142921686612515,0.05145524483704169,0.4628369238242098,0.17197792042316212,2.7,1.0,0.34220308246179065,0.9682539682539683,0.031746031746031744,0.0,17033.333333333332,0.45211111111111113,40.0,3.0,2.0,1.0,6.0,1,0,0,1,0,0,0,0,0,1,0,0,0,0,1,1,P 1,A
Jawa Tengah,Kota Magelang,0.9558034801330935,0.0010250817042851501,0.9547783984288083,0.17075906206953323,,,,,,,,,,,,,0.0,0,0,1,0,0,0,0,1,0,0,0,0,1,0,1,0,P 1,
Jawa Tengah,Kota Semarang,0.6199398773059223,0.3139991031904492,0.30594077411547305,0.6199398773059223,46.02,6.0,0.6896490300565601,0.9730898837034688,0.026910116296531127,0.0,6511.625380269447,0.00050412863972186,35.0,2.0,2.0,1.0,5.0,1,0,0,1,0,0,0,0,0,0,1,0,0,0,1,1,P 1,A
Jawa Tengah,Kota Surakarta,0.18839742500122691,0.05397838090468168,0.13441904409654523,0.09488000098803408,17.0,2.0,0.7898215590982499,1.0,0.0,0.0,7147.46,,39.0,0.0,2.0,1.0,3.0,1,0,0,0,0,1,0,0,0,0,0,0,1,0,1,1,P 1,A
Jawa Timur,Kab. Bangkalan,0.13191009907110976,3.557101178043105e-05,0.13187452805932934,0.11762359936706968,,,,,,,,,,,,,0.0,0,0,1,0,0,0,0,1,0,0,0,0,1,0,1,0,P 1,
Jawa Timur,Kab. Banyuwangi,0.6298034949414636,0.026716580769038073,0.6030869141724255,0.3772861988396175,2.1,,0.19592922668710597,0.8,0.07878787878787878,0.12121212121212122,28678.571428571428,1.0,,4.0,,0.0,4.0,1,0,0,0,0,1,0,0,0,1,0,0,0,0,1,1,P 1,A
Jawa Timur,Kab. Blitar,0.03189779356200933,0.00023655729450573805,0.03166123626750359,0.03166123626750359,1.41,2.0,0.5297015943237829,0.9666130100986812,4.2608896787338877e-05,0.02629826078682111,57091.92907801418,0.005999999999999999,31.0,1.0,0.0,1.0,2.0,1,0,0,0,0,1,0,0,0,0,1,0,0,0,1,1,P 1,A
Jawa Timur,Kab. Bojonegoro,,,,,4.95,4.0,,0.9211311588532272,0.03565303777867811,0.04321580336809467,5460.030303030303,0.40404040404040403,34.0,1.0,2.0,1.0,4.0,1,0,0,1,0,0,0,0,0,0,1,0,0,0,0,1,,A
Jawa Timur,Kab. Bondowoso,0.0007334722694647274,0.000378131890331392,0.00035534037913333545,0.0007334722694647274,,,,,,,,,,,,,0.0,0,0,1,0,0,0,0,1,0,0,0,0,1,0,1,0,P 1,
Jawa Timur,Kab. Jember,0.005647374572551914,0.00019832375468556828,0.005449050817866346,0.005449050817866346,1.5,,0.005713352048952835,0.8333333333333334,0.16666666666666666,0.0,1460.0,0.0009333333333333333,,1.0,0.0,0.0,1.0,1,0,0,0,0,1,0,0,0,0,1,0,0,0,1,1,P 1,A
Jawa Timur,Kab. Jember,0.005647374572551914,0.00019832375468556828,0.005449050817866346,0.005449050817866346,1.5,,0.017140056146858505,0.9444444444444444,0.05555555555555555,0.0,4380.0,9.333333333333333e-05,,1.0,0.0,0.0,1.0,1,0,0,0,0,1,0,0,0,0,1,0,0,0,1,1,P 1,A
Jawa Timur,Kab. Jember,0.005647374572551914,0.00019832375468556828,0.005449050817866346,0.005449050817866346,68.0,4.0,0.21710737786020773,0.8671052631578947,0.034210526315789476,0.05131578947368421,1223.8235294117646,4.705882352941177e-05,,2.0,2.0,1.0,5.0,1,0,0,0,0,1,0,0,0,0,1,0,0,0,1,1,P 1,A
Jawa Timur,Kab. Jember,0.005647374572551914,0.00019832375468556828,0.005449050817866346,0.005449050817866346,2.0,,0.0038089013659685566,0.75,0.25,0.0,730.0,7e-05,,1.0,0.0,0.0,1.0,1,0,0,0,0,1,0,0,0,0,1,0,0,0,1,1,P 1,A
Jawa Timur,Kab. Jombang,0.529754668898141,0.00024767765668123935,0.5295069912414598,0.1956137727643887,39.24,5.0,0.3643601849374353,0.9717528632324997,0.0,0.011812439011863799,1811.1404179408764,0.11387359836901122,31.0,3.0,2.0,1.0,6.0,1,0,0,0,0,1,0,0,0,1,0,0,0,0,1,1,P 1,A
Jawa Timur,Kab. Kediri,0.578006910133851,0.26560129701633617,0.31240561311751475,0.37262186346919485,,,,,,,,,,,,,0.0,0,0,1,0,0,0,0,1,0,0,0,0,1,0,1,0,P 1,
Jawa Timur,Kab. Lamongan,0.15166068102126343,0.003281553460301407,0.14837912756096203,0.15166068102126343,6.66,4.0,0.27422243040309846,0.8966666666666666,0.0033333333333333335,0.06666666666666667,8220.720720720721,0.0003003003003003003,36.0,1.0,2.0,1.0,4.0,1,0,0,0,0,1,0,0,0,0,1,0,0,0,1,1,P 1,A
Jawa Timur,Kab. Madiun,0.622985665519506,0.23455136580192565,0.3884342997175803,0.47814712277713445,5.0,3.0,0.14636625444689141,0.8009259259259259,0.05439814814814815,0.03425925925925926,3153.6,0.049703199999999996,7.0,3.0,2.0,1.0,6.0,1,0,0,0,0,1,0,0,0,0,0,1,0,0,1,1,P 1,A
Jawa Timur,Kab. Magetan,0.7788577818026511,0.008394464393052612,0.7704633174095985,0.6024920710873485,4.2,3.0,0.17627742494226328,0.9999792487486154,2.8042231600790793e-06,5.608446320158159e-06,4245.297619047619,0.011904761904761904,,3.0,2.0,1.0,6.0,1,0,0,0,0,1,0,0,0,1,0,0,0,0,1,1,P 1,A
Jawa Timur,Kab. Malang,0.6537832628230721,0.0,0.6537832628230721,0.19999091620896123,4.56,,0.15430374215417725,1.0,0.0,0.0,12054.605263157895,0.017061403508771934,30.0,3.0,0.0,0.0,3.0,1,0,0,0,0,1,0,0,0,1,0,0,0,0,1,1,P 1,A
Jawa Timur,Kab. Malang,0.6537832628230721,0.0,0.6537832628230721,0.19999091620896123,456.0,,0.155533254043852,1.0,0.0,0.0,121.50657894736842,0.06951754385964912,,3.0,0.0,0.0,3.0,1,0,0,1,0,0,0,0,0,1,0,0,0,0,1,1,P 1,A
Jawa Timur,Kab. Malang,0.6537832628230721,0.0,0.6537832628230721,0.19999091620896123,99999.99,3.0,0.29231645177016446,1.0,0.0,0.0,1.0413451041345103,2.00000020000002e-06,34.0,3.0,2.0,1.0,6.0,1,0,0,0,0,1,0,0,0,1,0,0,0,0,1,1,P 1,A
Jawa Timur,Kab. Mojokerto,0.5289145330668726,0.005357792791342173,0.5235567402755305,0.32931203672928977,4.2,2.0,0.1996024963375828,0.8,0.03722222222222222,0.09333333333333334,7821.428571428571,2.857142857142857e-05,,4.0,2.0,1.0,7.0,1,0,0,0,0,1,0,0,0,1,0,0,0,0,1,1,P 1,A
Jawa Timur,Kab. Nganjuk,0.1977211189142622,0.015126131198008604,0.1825949877162536,0.11214754258583073,0.0,1.0,0.03413932766084778,0.8003325723528272,0.10000052401106013,0.04066675167290531,,1.0,,3.0,0.0,1.0,4.0,1,0,0,0,0,0,0,1,0,1,0,0,0,0,1,1,P 1,A
Jawa Timur,Kab. Nganjuk,0.1977211189142622,0.015126131198008604,0.1825949877162536,0.11214754258583073,1.0,1.0,0.02275953189680377,0.8001000861998947,0.08000083841842844,0.04789989283964461,3816.71,0.4,,3.0,0.0,1.0,4.0,1,0,0,0,0,1,0,0,0,1,0,0,0,0,1,1,P 1,A
Jawa Timur,Kab. Nganjuk,0.1977211189142622,0.015126131198008604,0.1825949877162536,0.11214754258583073,0.0,2.0,0.11412092067602078,0.8001589527719023,0.0804529892735618,0.0925703948633487,,1.0,,1.0,2.0,1.0,4.0,1,0,0,0,0,1,0,0,0,0,1,0,0,0,1,1,P 1,A
Jawa Timur,Kab. Ngawi,0.1321291787507593,0.0008348015974025448,0.13129437715335673,0.04325305185885362,0.54,,0.013445529214188016,0.96,0.04,0.0,3379.6296296296296,0.5185185185185185,9.0,0.0,0.0,1.0,1.0,1,0,0,0,0,1,0,0,0,0,1,0,0,0,1,1,P 1,A
Jawa Timur,Kab. Ngawi,0.1321291787507593,0.0008348015974025448,0.13129437715335673,0.04325305185885362,0.09,,0.010756423371350413,0.95,0.05,0.0,16222.222222222223,1.0,10.0,0.0,0.0,0.0,0.0,1,0,0,0,0,1,0,0,0,0,1,0,0,0,1,1,P 1,A
Jawa Timur,Kab. Pacitan,0.311475258751129,0.00012200033835247165,0.31135325841277656,0.21336718561370552,,,,,,,,,,,,,0.0,0,0,1,0,0,0,0,1,0,0,0,0,1,0,1,0,P 1,
Jawa Timur,Kab. Pamekasan,0.6155369314924463,0.00048418057458954827,0.6150527509178567,0.14607433488057922,,,,,,,,,,,,,0.0,0,0,1,0,0,0,0,1,0,0,0,0,1,0,1,0,P 1,
Jawa Timur,Kab. Pasuruan,0.12731445822214957,7.293173500464777e-07,0.12731372890479953,0.07747501743676231,0.0,,0.29577870307440485,0.9425,0.04,0.0025,,1.0,,4.0,2.0,0.0,6.0,0,1,0,0,1,0,0,0,0,0,1,0,0,0,1,1,P 1,A
Jawa Timur,Kab. Ponorogo,0.18369635688683195,0.0,0.18369635688683195,0.08155214703281215,2.22,2.0,0.13789468330292676,1.0,0.0,0.0,8878.378378378378,0.0,,1.0,2.0,1.0,4.0,1,0,0,0,0,1,0,0,0,0,1,0,0,0,1,1,P 1,A
Jawa Timur,Kab. Probolinggo,0.03129762180894238,0.001081175960813628,0.03021644584812876,0.03129739221115924,5.1,7.0,0.0999289911456189,1.0,0.0,0.0,3413.6078431372553,0.35294117647058826,13.0,1.0,2.0,1.0,4.0,1,0,0,0,0,1,0,0,0,0,1,0,0,0,1,1,P 1,A
Jawa Timur,Kab. Sampang,,,,,5.0,2.0,,0.8941176470588236,0.029411764705882353,0.029411764705882353,2482.0,0.1,25.0,3.0,2.0,1.0,6.0,1,0,0,0,0,1,0,0,0,1,0,0,0,0,0,1,,A
Jawa Timur,Kab. Sidoarjo,0.6412941723530856,0.0,0.6412941723530856,0.03154061809053744,28.62,2.0,0.6006045384414525,0.9932785733866208,0.004977637847961496,0.0007884855647786672,6834.480083857442,0.1222921034241789,20.0,3.0,2.0,1.0,6.0,1,0,0,0,0,1,0,0,0,1,0,0,0,0,1,1,P 1,A
Jawa Timur,Kab. Situbondo,0.6955420363843281,0.03633788818019109,0.659204148204137,0.06843885599840717,51.0,3.0,0.5837228680215375,0.35647530040053405,0.1341789052069426,0.36248331108144194,1072.0980392156862,0.017458823529411766,35.0,3.0,2.0,1.0,6.0,1,0,0,0,0,0,0,1,0,1,0,0,0,0,1,1,P 1,A
Jawa Timur,Kab. Trenggalek,0.5348705289458319,0.09743062321034715,0.43743990573548475,0.18819938093480554,,,,,,,,,,,,,0.0,0,0,1,0,0,0,0,1,0,0,0,0,1,0,1,0,P 1,
Jawa Timur,Kab. Tuban,0.6030485141768112,0.06089229797838667,0.5421562161984245,0.23489167605128938,3.8,2.0,0.372259991075444,0.8232323232323232,0.10101010101010101,0.030303030303030304,19018.42105263158,0.2631578947368421,14.0,3.0,2.0,1.0,6.0,1,0,0,0,0,1,0,0,0,1,0,0,0,0,1,1,P 1,A
Jawa Timur,Kota Batu,0.6454250271855183,0.0004575780305123797,0.6449674491550059,0.33315448910964285,,,,,,,,,,,,,0.0,0,0,1,0,0,0,0,1,0,0,0,0,1,0,1,0,P 1,
Jawa Timur,Kota Kediri,0.9378231892390364,0.0009455928256957225,0.9368775964133408,0.05546060599898385,0.0,2.0,0.8933864886524239,0.9987411883182276,0.0,0.0012588116817724068,,1.0,,2.0,2.0,1.0,5.0,1,0,0,0,0,0,0,1,0,0,1,0,0,0,1,1,P 1,A
Jawa Timur,Kota Madiun,0.20547895007244094,0.0009894072189098517,0.2044895428535311,0.1958718871362551,6.0,3.0,0.781962489095739,0.9675123407186316,0.03076569854207324,0.001721960739295144,5299.191666666667,0.13201616666666668,,1.0,2.0,1.0,4.0,1,0,0,0,0,1,0,0,0,0,1,0,0,0,1,1,P 1,A
Jawa Timur,Kota Malang,0.9897136753049885,0.0030523458528484747,0.98666132945214,0.31955319626092116,3.0,3.0,0.6701260144190859,1.0,0.0,0.0,59692.71,1.0,32.0,4.0,2.0,1.0,7.0,1,0,0,0,0,1,0,0,0,0,0,1,0,0,1,1,P 1,A
Jawa Timur,Kota Mojokerto,0.16754401370479238,0.06782108282649019,0.09972293087830218,0.10478365962324146,,,,,,,,,,,,,0.0,0,0,1,0,0,0,0,1,0,0,0,0,1,0,1,0,P 1,
Jawa Timur,Kota Pasuruan,0.9281691517240228,0.0,0.9281691517240228,0.20159996098371638,6.63,3.0,0.7042173339007317,0.9970405335214839,0.0029120816892937713,4.764514520704159e-05,5793.205128205128,0.15144796380090497,,3.0,2.0,1.0,6.0,1,0,0,0,0,1,0,0,0,1,0,0,0,0,1,1,P 1,A
Jawa Timur,Kota Probolinggo,0.7740317896461476,0.004592141682692718,0.7694396479634549,0.16858000298624848,4.0,5.0,0.6051603359843387,0.9594337018877221,0.033805248426898235,0.006761049685379647,6748.2125,0.25,11.0,4.0,2.0,1.0,7.0,1,0,0,0,0,1,0,0,0,1,0,0,0,0,1,1,P 1,A
Jawa Timur,Kota Surabaya,0.9912661959701993,0.0027654721146854145,0.9885007238555139,0.09031024614052913,37.4,3.0,0.35406992350761296,1.0,0.0,0.0,6257.2564171123,0.36452139037433157,13.0,7.0,2.0,1.0,10.0,1,0,0,0,0,1,0,0,0,0,0,1,0,0,1,1,P 1,A
Kalimantan Barat,Kab. Bengkayang,0.0,0.0,0.0,0.0,5.0,,0.1631391337305227,1.0,0.0,0.0,1445.4,1.0,,0.0,0.0,0.0,0.0,1,0,0,0,0,1,0,0,0,0,1,0,0,0,1,1,P 1,A
Kalimantan Barat,Kab. Kapuas Hulu,5.934681706205165e-05,5.934681706205165e-05,0.0,0.0,1.0,,0.19228269816742966,0.9110026286143447,0.08899737138565526,0.0,9719.95,1.0,20.0,2.0,0.0,0.0,2.0,1,0,0,0,0,1,0,0,0,0,1,0,0,0,1,1,P 1,A
Kalimantan Barat,Kab. Kayong Utara,0.03152387218304346,0.0,0.03152387218304346,0.03152387218304346,0.0,2.0,0.19248354586673308,0.961541460412992,0.03845853958700797,0.0,,1.0,,0.0,0.0,1.0,1.0,1,0,0,0,0,1,0,0,0,0,1,0,0,0,1,1,P 1,A
Kalimantan Barat,Kab. Ketapang,0.006528411189155858,0.0,0.006528411189155858,0.006528411189155858,9.0,3.0,0.2479397822048297,0.9964854668158439,0.0024708568203495153,0.0010436763638064972,3016.047777777778,0.09777777777777778,7.0,0.0,0.0,1.0,1.0,1,0,0,0,0,1,0,0,0,0,1,0,0,0,1,1,P 1,A
Kalimantan Barat,Kab. Kubu Raya,0.00012848762713933676,0.0,0.00012848762713933676,0.00012848762713933676,3.6,,0.1622393354676819,1.0,0.0,0.0,7604.166666666666,,28.0,,0.0,0.0,0.0,1,0,0,0,0,1,0,0,0,0,0,0,1,0,1,1,P 1,A
Kalimantan Barat,Kab. Landak,0.004933425002335183,0.004933425002335183,0.0,0.004933425002335183,,,,,,,,,,,,,0.0,0,0,1,0,0,0,0,1,0,0,0,0,1,0,1,0,P 1,
Kalimantan Barat,Kab. Mempawah,8.230840120407082e-05,5.544987028484771e-05,2.685853091922311e-05,2.685853091922311e-05,2.4,,0.3402715946198608,0.8674101610904584,0.0,0.06195786864931846,4909.250000000001,0.225,,0.0,0.0,1.0,1.0,1,0,0,0,0,1,0,0,0,0,1,0,0,0,1,1,P 1,A
Kalimantan Barat,Kab. Sambas,0.10034348816472992,6.581243788430507e-05,0.10027767572684561,0.011603399254070165,0.0,,0.006689542736847718,1.0,0.0,0.0,,1.0,6.0,0.0,0.0,0.0,0.0,1,0,0,0,0,1,0,0,0,0,1,0,0,0,1,1,P 1,A
Kalimantan Barat,Kab. Sambas,0.10034348816472992,6.581243788430507e-05,0.10027767572684561,0.011603399254070165,0.0,,0.02174101389475508,0.9825174825174825,0.017482517482517484,0.0,,1.0,,0.0,0.0,0.0,0.0,1,0,0,0,0,1,0,0,0,0,1,0,0,0,1,1,P 1,A
Kalimantan Barat,Kab. Sambas,0.10034348816472992,6.581243788430507e-05,0.10027767572684561,0.011603399254070165,0.0,,0.010034314105271577,0.9873737373737373,0.012626262626262626,0.0,,1.0,,0.0,0.0,0.0,0.0,1,0,0,0,0,0,0,1,0,0,1,0,0,0,1,1,P 1,A
Kalimantan Barat,Kab. Sambas,0.10034348816472992,6.581243788430507e-05,0.10027767572684561,0.011603399254070165,0.0,,0.07692974147374874,0.9802371541501976,0.019762845849802372,0.0,,1.0,,0.0,0.0,0.0,0.0,1,0,0,0,0,1,0,0,0,0,0,0,1,0,1,1,P 1,A
Kalimantan Barat,Kab. Sambas,0.10034348816472992,6.581243788430507e-05,0.10027767572684561,0.011603399254070165,0.0,2.0,0.08868711961729929,0.9857142857142858,0.014285714285714285,0.0,,1.0,10.0,3.0,0.0,1.0,4.0,1,0,0,0,0,1,0,0,0,1,0,0,0,0,1,1,P 1,A
Kalimantan Barat,Kab. Sanggau,0.0,0.0,0.0,0.0,0.0,,0.0077841369463749885,0.9501468278358259,0.04985317216417401,0.0,,1.0,,0.0,1.0,0.0,1.0,1,0,0,0,0,1,0,0,0,0,1,0,0,0,1,1,P 1,A
Kalimantan Barat,Kab. Sanggau,0.0,0.0,0.0,0.0,0.0,,0.012773469441348499,0.9696195367187435,0.0303804632812565,0.0,,1.0,,0.0,0.0,0.0,0.0,1,0,0,0,0,1,0,0,0,0,1,0,0,0,1,1,P 1,A
Kalimantan Barat,Kab. Sanggau,0.0,0.0,0.0,0.0,4.5,,0.014714745907972289,0.989451019493938,0.010548980506062051,0.0,307.56,0.2222222222222222,,3.0,0.0,1.0,4.0,1,0,0,0,0,1,0,0,0,0,0,0,1,0,1,1,P 1,A
Kalimantan Barat,Kab. Sanggau,0.0,0.0,0.0,0.0,0.0,,0.00843927389732169,0.9540169066606196,0.04598309333938043,0.0,,1.0,,0.0,0.0,0.0,0.0,1,0,0,0,0,1,0,0,0,0,1,0,0,0,1,1,P 1,A
Kalimantan Barat,Kab. Sanggau,0.0,0.0,0.0,0.0,0.0,,0.012795583768806615,1.0,0.0,0.0,,1.0,,0.0,0.0,0.0,0.0,1,0,0,0,0,1,0,0,0,0,1,0,0,0,1,1,P 1,A
Kalimantan Barat,Kab. Sanggau,0.0,0.0,0.0,0.0,0.0,,0.008460537673723725,0.954132475464016,0.045867524535984014,0.0,,1.0,,0.0,0.0,0.0,0.0,1,0,0,0,0,1,0,0,0,0,1,0,0,0,1,1,P 1,A
Kalimantan Barat,Kab. Sanggau,0.0,0.0,0.0,0.0,4.5,,0.15588527639772914,0.937764500871297,0.06223549912870301,0.0,3258.233333333333,0.44633333333333336,31.0,0.0,0.0,0.0,0.0,1,0,0,0,0,1,0,0,0,0,1,0,0,0,1,1,P 1,A
Kalimantan Barat,Kota Pontianak,0.22929851090711117,0.0,0.22929851090711117,0.22928915433410438,,,,,,,,,,,,,0.0,0,0,1,0,0,0,0,1,0,0,0,0,1,0,1,0,P 1,
Kalimantan Barat,Kota Singkawang,0.14345431875852097,0.0,0.14345431875852097,0.14345431875852097,9.77,2.0,0.9296277327426391,1.0,0.0,0.0,3429.5803480040945,0.12201637666325486,18.0,0.0,2.0,1.0,3.0,1,0,0,0,0,1,0,0,0,0,1,0,0,0,1,1,P 1,A
Kalimantan Selatan,Kab. Balangan,0.18209140091050327,0.0029684089688687076,0.17912299194163456,0.1819877979798354,,,,,,,,,,,,,0.0,0,0,1,0,0,0,0,1,0,0,0,0,1,0,1,0,P 1,
Kalimantan Selatan,Kab. Banjar,0.5115707238014557,0.0,0.5115707238014557,0.3157282862859245,24.0,3.0,0.19584243751553132,1.0,0.0,0.0,1064.5833333333333,3.0416666666666666e-05,,7.0,2.0,1.0,10.0,0,1,0,0,0,0,1,0,0,0,0,1,0,0,1,1,P 1,A
Kalimantan Selatan,Kab. Banjar,0.5115707238014557,0.0,0.5115707238014557,0.3157282862859245,0.0,1.0,0.2182244303744492,0.9743589743589743,0.02564102564102564,0.0,,1.0,13.0,3.0,1.0,1.0,5.0,1,0,0,0,0,1,0,0,0,0,1,0,0,0,1,1,P 1,A
Kalimantan Selatan,Kab. Barito Kuala,0.7194535816613358,0.06858612371891666,0.6508674579424191,0.29846102468945385,0.0,,0.4750368219302805,1.0,0.0,0.0,,,,2.0,,0.0,2.0,0,0,1,0,0,0,0,1,0,0,1,0,0,0,1,1,P 1,A
Kalimantan Selatan,Kab. Hulu Sungai Selatan,0.7160037315921891,0.0021378498741035667,0.7138658817180856,0.2610033681900683,9.0,3.0,0.4524356404887709,0.8744979919678715,0.03614457831325301,0.04417670682730924,2019.6666666666667,0.016666666666666666,5.0,7.0,2.0,1.0,10.0,1,0,0,0,0,1,0,0,0,1,0,0,0,0,1,1,P 1,A
Kalimantan Selatan,Kab. Hulu Sungai Tengah,0.5986652526268338,0.00020588669280933105,0.5984593659340244,0.201915498247829,,,,,,,,,,,,,0.0,0,0,1,0,0,0,0,1,0,0,0,0,1,0,1,0,P 1,
Kalimantan Selatan,Kab. Hulu Sungai Utara,0.002696028403455562,0.0,0.002696028403455562,0.002696028403455562,70.0,3.0,0.48879788411505126,0.9874472065726457,0.012553381573042696,0.0,242.89414285714287,0.04285714285714286,17.0,3.0,2.0,1.0,6.0,1,0,0,0,0,1,0,0,0,1,0,0,0,0,1,1,P 1,A
Kalimantan Selatan,Kab. Kotabaru,0.044672870308930246,0.0,0.044672870308930246,0.04412652029375968,,,,,,,,,,,,,0.0,0,0,1,0,0,0,0,1,0,0,0,0,1,0,1,0,P 1,
Kalimantan Selatan,Kab. Tabalong,0.6559086063155817,0.0,0.6559086063155817,0.009153063003742915,,,,,,,,,,,,,0.0,0,0,1,0,0,0,0,1,0,0,0,0,1,0,1,0,P 1,
Kalimantan Selatan,Kab. Tanah Bumbu,0.8522269119271215,0.0032825638571688707,0.8489443480699527,0.15062024492436094,5.5,2.0,0.4694805998010433,0.9997872883519101,0.00021271164808984942,0.0,6197.036363636363,0.36363636363636365,14.0,4.0,2.0,1.0,7.0,1,0,0,0,0,1,0,0,0,1,0,0,0,0,1,1,P 1,A
Kalimantan Selatan,Kab. Tanah Bumbu,0.8522269119271215,0.0032825638571688707,0.8489443480699527,0.15062024492436094,12.0,2.0,0.23584637970300862,1.0,0.0,0.0,1426.8458333333335,0.16666666666666666,4.0,4.0,2.0,1.0,7.0,1,0,0,0,0,1,0,0,0,1,0,0,0,0,1,1,P 1,A
Kalimantan Selatan,Kab. Tanah Laut,0.3215118950583432,0.010059927661569193,0.311451967396774,0.0004780211221994973,13.0,2.0,0.3110313606673997,0.9933492718974135,0.004629726116716735,0.0020215974490357964,1291.819230769231,,18.0,4.0,2.0,1.0,7.0,1,0,0,0,0,1,0,0,0,1,0,0,0,0,1,1,P 1,A
Kalimantan Selatan,Kab. Tapin,0.13657775204364572,0.00013774154220177876,0.13644001050144394,0.13651877133105803,8.0,4.0,0.6175899186138094,1.0,0.0,0.0,2146.565,0.0075,12.0,2.0,2.0,1.0,5.0,1,0,0,0,0,1,0,0,0,0,1,0,0,0,1,1,P 1,A
Kalimantan Selatan,Kota Banjarmasin,0.6728230938786594,0.00020328592961117045,0.6726198079490482,0.10314547803624989,0.0,,0.4890767253685167,1.0,0.0,0.0,,1.0,,1.0,,0.0,1.0,0,1,0,0,0,0,0,1,0,1,0,0,0,0,1,1,P 1,A
Kalimantan Tengah,Kab. Barito Selatan,0.030706300526320035,0.0,0.030706300526320035,0.030706300526320035,,,,,,,,,,,,,0.0,0,0,1,0,0,0,0,1,0,0,0,0,1,0,1,0,P 1,
Kalimantan Tengah,Kab. Barito Timur,0.01568431521510673,0.0,0.01568431521510673,0.01568431521510673,2.2,,0.29250675455910724,0.9787545787545787,0.021245421245421243,0.0,2264.6590909090905,0.2727272727272727,17.0,0.0,0.0,1.0,1.0,1,0,0,0,0,1,0,0,0,0,1,0,0,0,1,1,P 1,A
Kalimantan Tengah,Kab. Barito Utara,,,,,5.0,2.0,,1.0,0.0,0.0,1349.04,0.24,8.0,2.0,0.0,1.0,3.0,1,0,0,0,0,1,0,0,0,0,1,0,0,0,0,1,,A
Kalimantan Tengah,Kab. Kapuas,0.11823314483838239,0.0,0.11823314483838239,0.013941917910119814,11.5,2.0,0.10376121623506437,0.9775523657420081,0.0192669594049646,0.003181902438844744,708.3539130434782,0.2151304347826087,9.0,4.0,2.0,1.0,7.0,1,0,0,0,0,1,0,0,0,1,0,0,0,0,1,1,P 1,A
Kalimantan Tengah,Kab. Katingan,0.120060527128048,0.11329074853387337,0.006769778594174641,0.120060527128048,100.0,,0.12914863023495668,0.9574473046073494,0.04255269539265063,0.0,34.3104,0.25,6.0,3.0,0.0,0.0,3.0,1,0,0,0,0,1,0,0,0,0,1,0,0,0,1,1,P 1,A
Kalimantan Tengah,Kab. Kotawaringin Barat,0.7983073941496455,4.224054712746841e-05,0.7982651536025179,0.10531285325595174,3.0,4.0,0.7326991050816928,0.9862934362934362,0.0,0.0011583011583011582,12604.666666666666,1.0,12.0,7.0,2.0,1.0,10.0,1,0,0,0,0,1,0,0,0,0,0,1,0,0,1,1,P 1,A
Kalimantan Tengah,Kab. Kotawaringin Timur,0.1238352530576857,0.0005000842217735107,0.1233351688359122,0.1233351688359122,64.7,2.0,0.3491715289996942,0.8700116686114353,0.12298716452742123,0.007001166861143524,483.4698608964451,0.009891808346213293,28.0,2.0,1.0,1.0,4.0,1,0,0,0,0,1,0,0,0,0,1,0,0,0,1,1,P 1,A
Kalimantan Tengah,Kab. Murung Raya,0.2914529797721741,0.00020103063468810052,0.291251949137486,0.0018101574255029403,7.0,2.0,0.28964282234667116,0.985,0.015,0.0,938.5714285714286,0.2857142857142857,,3.0,0.0,1.0,4.0,1,0,0,0,0,1,0,0,0,1,0,0,0,0,1,1,P 1,A
Kalimantan Tengah,Kab. Pulang Pisau,0.04066020226506572,0.0,0.04066020226506572,0.04066020226506572,6.43,,0.05860497708420136,0.9764094543151309,0.007077163705460726,0.016513381979408364,240.62674961119754,0.20295489891135304,15.0,2.0,0.0,0.0,2.0,1,0,0,0,0,1,0,0,0,0,1,0,0,0,1,1,P 1,A
Kalimantan Tengah,Kab. Seruyan,0.0007402964580822455,0.0,0.0007402964580822455,0.0007402964580822455,,,,,,,,,,,,,0.0,0,0,1,0,0,0,0,1,0,0,0,0,1,0,1,0,P 1,
Kalimantan Tengah,Kab. Sukamara,0.5183279408648596,0.0,0.5183279408648596,0.0630969747844371,,,,,,,,,,,,,0.0,0,0,1,0,0,0,0,1,0,0,0,0,1,0,1,0,P 1,
Kalimantan Tengah,Kota Palangkaraya,0.9788654674063351,0.10262983584330843,0.8762356315630266,0.2761888058532475,10.0,1.0,0.7011533911671924,1.0,0.0,0.0,4153.7,0.000343,25.0,1.0,2.0,1.0,4.0,1,0,0,0,0,1,0,0,0,1,0,0,0,0,1,1,P 1,A
Kalimantan Timur,Kab. Berau,0.11829415397505859,0.0031563189581384596,0.11513783501692013,0.11642102069782476,11.35,2.0,0.5551410493013446,1.0,0.0,0.0,2708.5894273127756,0.0881057268722467,13.0,1.0,1.0,1.0,3.0,1,0,0,0,0,1,0,0,0,0,1,0,0,0,1,1,P 1,A
Kalimantan Timur,Kab. Kutai Barat,0.013251389063697615,0.0,0.013251389063697615,0.013251389063697615,15.0,2.0,0.4427566255971152,0.977673829147763,0.02232617085223697,0.0,757.4966666666667,4.6666666666666665e-05,12.0,0.0,,0.0,0.0,1,0,0,0,0,1,0,0,0,0,1,0,0,0,1,1,P 1,A
Kalimantan Timur,Kab. Kutai Kartanegara,0.1633384146711139,0.0004013150551139573,0.16293709961599995,0.15939018680758518,3.0,,0.05389310593809784,0.9296105114969497,0.07038948850305021,0.0,2592.7166666666667,0.06666666666666667,6.0,0.0,0.0,0.0,0.0,1,0,0,0,0,1,0,0,0,0,1,0,0,0,1,1,P 1,A
Kalimantan Timur,Kab. Kutai Kartanegara,0.1633384146711139,0.0004013150551139573,0.16293709961599995,0.15939018680758518,10.0,,0.06069613057317448,0.9375,0.0625,0.0,876.0,0.1,,0.0,0.0,0.0,0.0,1,0,0,0,0,1,0,0,0,0,1,0,0,0,1,1,P 1,A
Kalimantan Timur,Kab. Kutai Kartanegara,0.1633384146711139,0.0004013150551139573,0.16293709961599995,0.15939018680758518,40.0,,0.04992256739643602,0.0,0.0,0.0,180.1275,0.005,6.0,0.0,0.0,1.0,1.0,1,0,0,0,0,1,0,0,0,0,1,0,0,0,1,1,P 1,A
Kalimantan Timur,Kab. Kutai Kartanegara,0.1633384146711139,0.0004013150551139573,0.16293709961599995,0.15939018680758518,36.0,,0.12897927746799578,1.0,0.0,0.0,517.0833333333334,0.08333333333333333,5.0,1.0,0.0,0.0,1.0,1,0,0,0,0,1,0,0,0,0,1,0,0,0,1,1,P 1,A
Kalimantan Timur,Kab. Kutai Kartanegara,0.1633384146711139,0.0004013150551139573,0.16293709961599995,0.15939018680758518,4.38,,0.12161987163599836,0.9688084840923269,0.031191515907673117,0.0,4007.4999999999995,0.684931506849315,5.0,1.0,0.0,1.0,2.0,1,0,0,0,0,1,0,0,0,0,1,0,0,0,1,1,P 1,A
Kalimantan Timur,Kab. Kutai Kartanegara,0.1633384146711139,0.0004013150551139573,0.16293709961599995,0.15939018680758518,5.0,1.0,0.15426933187348515,0.8770491803278688,0.12295081967213115,0.0,4453.0,0.27,32.0,1.0,1.0,1.0,3.0,1,0,0,0,0,1,0,0,0,0,1,0,0,0,1,1,P 1,A
Kalimantan Timur,Kab. Kutai Timur,0.08072631893293013,0.006548210349159836,0.07417810858377029,0.08072631893293013,,,,,,,,,,,,,0.0,0,0,1,0,0,0,0,1,0,0,0,0,1,0,1,0,P 1,
Kalimantan Timur,Kab. Mahakam Ulu,0.011604528582357459,0.011604528582357459,0.0,0.011604528582357459,,,,,,,,,,,,,0.0,0,0,1,0,0,0,0,1,0,0,0,0,1,0,1,0,P 1,
Kalimantan Timur,Kab. Paser,0.8415565148056579,0.00021237011025298963,0.8413441446954049,0.09689482423702726,6.0,1.0,0.13445356786058263,0.9849200156997098,0.01507998430029032,0.0,1048.8516666666667,0.05906666666666667,14.0,3.0,2.0,1.0,6.0,1,0,0,0,0,1,0,0,0,1,0,0,0,0,1,1,P 1,A
Kalimantan Timur,Kab. Paser,0.8415565148056579,0.00021237011025298963,0.8413441446954049,0.09689482423702726,22.2,1.0,0.6152077936839334,0.9920141969831412,0.007985803016858917,0.0,1297.0653153153153,4.9549549549549546e-05,15.0,3.0,2.0,1.0,6.0,1,0,0,0,0,1,0,0,0,1,0,0,0,0,1,1,P 1,A
Kalimantan Timur,Kab. Penajam Paser Utara,0.6722143406192348,0.0016640600428377754,0.6705502805763971,0.16077187633599002,18.9,4.0,0.5154644583948668,0.9904743760716327,0.0019051247856734618,0.007620499142693847,1013.6957671957672,0.061158730158730155,13.0,3.0,2.0,1.0,6.0,1,0,0,0,0,1,0,0,0,1,0,0,0,0,1,1,P 1,A
Kalimantan Timur,Kota Balikpapan,0.9940295835840408,0.0040952038487998745,0.989934379735241,0.29402935499048555,0.0,1.0,0.7019742830262526,0.9116586488685826,0.08759463579752462,0.0007467861260177695,,1.0,,7.0,2.0,1.0,10.0,1,0,0,0,0,1,0,0,0,0,0,1,0,0,1,1,P 1,A
Kalimantan Timur,Kota Bontang,0.9973223086772084,0.004924795300142922,0.9923975133770654,0.23866461726328708,15.0,2.0,0.6718985180808714,0.9871012101210122,0.0028602860286028606,0.0009625962596259627,1769.52,0.16666666666666666,17.0,7.0,2.0,1.0,10.0,1,0,0,0,0,1,0,0,0,0,0,1,0,0,1,1,P 1,A
Kalimantan Timur,Kota Samarinda,0.08190543083845878,0.0008679504040250356,0.08103748043443373,0.08189776092805917,30.0,,0.7497381184125786,0.9998355397124614,0.0,5.3207740086027524e-05,5995.368333333333,0.07742,12.0,1.0,2.0,1.0,4.0,1,0,0,0,0,1,0,0,0,0,1,0,0,0,1,1,P 1,A
Kalimantan Utara,Kab. Bulungan,0.00022254519752876135,0.0,0.00022254519752876135,0.00022254519752876135,0.0,,0.9810231666685238,0.9928926794598436,0.007107320540156361,0.0,,,5.0,3.0,0.0,1.0,4.0,1,0,0,0,0,1,0,0,0,1,0,0,0,0,1,1,P 1,A
Kalimantan Utara,Kab. Malinau,,,,,1124.0,,,0.9926086189664295,0.007391381033570462,0.0,7.5662811387900355,0.0006227758007117438,11.0,1.0,1.0,1.0,3.0,1,0,0,0,0,1,0,0,0,0,1,0,0,0,0,1,,A
Kalimantan Utara,Kab. Nunukan,0.7480058429818366,2.0354649840156135e-05,0.7479854883319964,0.20170260659251188,4.0,,0.1966618374262144,1.0,0.0,0.0,821.25,,1.0,4.0,0.0,1.0,5.0,1,0,0,0,0,1,0,0,0,1,0,0,0,0,1,1,P 1,A
Kalimantan Utara,Kab. Nunukan,0.7480058429818366,2.0354649840156135e-05,0.7479854883319964,0.20170260659251188,10.6,3.0,0.48072893593074634,1.0,0.0,0.0,757.5471698113208,0.06037735849056604,12.0,7.0,1.0,1.0,9.0,1,0,0,0,0,1,0,0,0,1,0,0,0,0,1,1,P 1,A
Kalimantan Utara,Kab. Tana Tidung,0.648643580306327,0.0,0.648643580306327,0.007205167657405463,16.0,,0.6414406720304384,1.0,0.0,0.0,177.438125,0.01875,,3.0,0.0,1.0,4.0,1,0,0,0,0,1,0,0,0,1,0,0,0,0,1,1,P 1,A
Kalimantan Utara,Kota Tarakan,,,,,50.0,2.0,,0.9809008305020201,0.019068962221591663,2.9959675762028063e-05,807.7524000000001,0.01,1.0,1.0,,1.0,2.0,1,0,0,0,0,1,0,0,0,0,1,0,0,0,0,1,,A
Kepulauan Bangka Belitung,Kab. Bangka Barat,0.2568639505859352,0.0005538192891724733,0.2563101312967627,0.017116174462770275,4.2,2.0,0.23969649076832342,0.9838095238095238,0.0,0.0019047619047619048,1825.0,2.380952380952381e-05,13.0,1.0,0.0,1.0,2.0,1,0,0,0,0,1,0,0,0,1,0,0,0,0,1,1,P 1,A
Kepulauan Bangka Belitung,Kab. Bangka Selatan,,,,,15.0,3.0,,0.9182207492958956,0.05479728920645401,0.026981961497650447,963.162,0.12,15.0,3.0,1.0,1.0,5.0,1,0,0,0,0,1,0,0,0,1,0,0,0,0,0,1,,A
Kepulauan Bangka Belitung,Kab. Bangka Tengah,0.1942728032524471,3.1400658233347024e-05,0.19424140259421377,0.19424140259421377,40.0,2.0,0.5524558620070923,0.9993700776633557,0.000629922336644343,0.0,584.99275,0.0125,15.0,0.0,0.0,1.0,1.0,1,0,0,0,0,1,0,0,0,0,1,0,0,0,1,1,P 1,A
Kepulauan Bangka Belitung,Kab. Belitung Timur,0.3097744189881551,0.0,0.3097744189881551,0.00020884737444214747,12.0,3.0,0.6195100668053123,0.9690211173759614,0.0,0.03097888262403861,998.6641666666666,0.06666666666666667,11.0,2.0,2.0,1.0,5.0,1,0,0,0,0,1,0,0,0,0,1,0,0,0,1,1,P 1,A
Kepulauan Riau,Kab. Bintan,0.8775733260437578,0.011826692180181375,0.8657466338635764,0.06879813121788377,5.0,2.0,0.7371367062347041,0.8091152741368471,0.0,0.11393624439917517,3203.546,0.24,13.0,4.0,0.0,1.0,5.0,1,0,0,0,0,1,0,0,0,1,0,0,0,0,1,1,P 1,A
Kepulauan Riau,Kab. Lingga,0.06645643246275452,0.000500779378206103,0.06595565308454843,0.06595565308454843,,,,,,,,,,,,,0.0,0,0,1,0,0,0,0,1,0,0,0,0,1,0,1,0,P 1,
Kepulauan Riau,Kab. Natuna,,,,,25.0,,,1.0,0.0,0.0,178.412,0.02,,1.0,0.0,1.0,2.0,1,0,0,0,0,1,0,0,0,0,1,0,0,0,0,1,,A
Kepulauan Riau,Kota Tanjung Pinang,0.8841392778669995,0.0002276459494214965,0.883911631917578,0.2463085259555904,,,,,,,,,,,,,0.0,0,0,1,0,0,0,0,1,0,0,0,0,1,0,1,0,P 1,
Lampung,Kab. Lampung Barat,0.32713152549345625,2.1426673637477822e-07,0.3271313112267199,0.0471489668057972,2.0,3.0,0.2748206587416543,0.9810753073810434,0.014228799089356857,0.0046958935295998,6413.05,0.75,16.0,4.0,2.0,1.0,7.0,1,0,0,0,0,1,0,0,0,1,0,0,0,0,1,1,P 1,A
Lampung,Kab. Lampung Selatan,0.0004543692873475696,8.077988412301232e-07,0.00045356148850633955,0.00045356148850633955,0.0,,0.13460387213106292,1.0,0.0,0.0,,1.0,,1.0,0.0,1.0,2.0,0,0,1,0,0,0,0,1,0,0,1,0,0,0,1,1,P 1,A
Lampung,Kab. Lampung Selatan,0.0004543692873475696,8.077988412301232e-07,0.00045356148850633955,0.00045356148850633955,0.0,5.0,0.4015041214423705,1.0,0.0,0.0,,1.0,,1.0,1.0,1.0,3.0,0,0,1,0,0,0,0,1,0,0,1,0,0,0,1,1,P 1,A
Lampung,Kab. Lampung Tengah,,,,,0.0,1.0,,0.9475,0.0025,0.025,,1.0,,2.0,0.0,1.0,3.0,1,0,0,0,0,1,0,0,0,0,1,0,0,0,0,1,,A
Lampung,Kab. Lampung Utara,0.0008370724665302803,0.0008370724665302803,0.0,0.0,6.0,5.0,0.36891710782693676,0.8094266360726013,1.3739849686044436e-06,0.0,6065.083333333333,6.666666666666667e-05,,2.0,1.0,1.0,4.0,1,0,0,0,0,1,0,0,0,0,1,0,0,0,1,1,P 1,A
Lampung,Kab. Mesuji,0.0008754607891557419,0.0008754607891557419,0.0,0.0,32.0,1.0,0.027055613099117155,1.0,0.0,0.0,30.1125,0.0715,10.0,4.0,2.0,1.0,7.0,1,0,0,0,0,1,0,0,0,0,0,0,1,0,1,1,P 1,A
Lampung,Kab. Pesawaran,0.06407979127541971,0.0004527505828206853,0.06362704069259903,0.06362704069259903,17.0,1.0,0.15467611245821422,0.9354838709677419,0.06451612903225806,0.0,665.5882352941177,0.08823529411764706,14.0,1.0,0.0,1.0,2.0,1,0,0,0,0,1,0,0,0,0,0,0,1,0,1,1,P 1,A
Lampung,Kab. Pesisir Barat,0.0026557361535003666,0.0004968415075590887,0.002158894645941278,0.002158894645941278,3.5,2.0,0.08635578583765112,1.0,0.0,0.0,625.7142857142857,0.7142857142857143,,2.0,0.0,1.0,3.0,1,0,0,0,0,1,0,0,0,0,1,0,0,0,1,1,P 1,A
Lampung,Kab. Pringsewu,0.10757145655082026,0.00011301738558452468,0.10745843916523573,0.10745843916523573,5.0,1.0,0.23496684002158108,1.0,0.0,0.0,3052.02,0.1242,,1.0,0.0,1.0,2.0,1,0,0,0,0,1,0,0,0,0,1,0,0,0,1,1,P 1,A
Lampung,Kab. Tanggamus,0.0214870112886427,6.801442256047153e-05,0.021418996866082226,0.021418996866082226,3.72,2.0,0.08185083298693656,0.9206811697574894,0.03965941512125535,0.033144614835948646,3015.05376344086,0.20698924731182797,9.0,3.0,0.0,1.0,4.0,1,0,0,0,0,1,0,0,0,1,0,0,0,0,1,1,P 1,A
Lampung,Kab. Tulang Bawang,0.00014273297695228205,0.0,0.00014273297695228205,0.00014273297695228205,10.0,,0.10618352877011182,0.9984403057821558,0.0007798471089220666,0.0,682.1850000000001,0.00015,14.0,2.0,0.0,1.0,3.0,1,0,0,0,0,1,0,0,0,0,0,0,1,0,1,1,P 1,A
Lampung,Kab. Tulang Bawang Barat,,,,,4.0,4.0,,0.9833333333333333,0.016666666666666666,0.0,2737.5,0.15,11.0,1.0,0.0,1.0,2.0,1,0,0,0,0,1,0,0,0,0,1,0,0,0,0,1,,A
Lampung,Kab. Way Kanan,,,,,5.0,3.0,,0.8013662751882736,0.1380494858208436,0.060583097765366314,1752.502,0.05428,8.0,4.0,2.0,1.0,7.0,1,0,0,0,0,1,0,0,0,1,0,0,0,0,0,1,,A
Lampung,Kota Bandar Lampung,0.0007643793989791138,0.0,0.0007643793989791138,0.0007643793989791138,13.47,4.0,0.8390090636348532,1.0,0.0,0.0,16258.351893095767,,,0.0,1.0,1.0,2.0,1,0,0,0,0,1,0,0,0,0,1,0,0,0,1,1,P 1,A
Maluku,Kab. Buru,0.09449966523071093,4.736285761648572e-05,0.09445230237309446,0.09449966523071093,,,,,,,,,,,,,0.0,0,0,1,0,0,0,0,1,0,0,0,0,1,0,1,0,P 1,
Maluku,Kab. Maluku Barat Daya,0.0003719886800983195,2.432233677565935e-05,0.0003476663433226601,0.0003476663433226601,,,,,,,,,,,,,0.0,0,0,1,0,0,0,0,1,0,0,0,0,1,0,1,0,P 1,
Maluku,Kota Ambon,0.78143071192183,0.0,0.78143071192183,0.07767696325383794,9.0,2.0,0.7037537486679921,0.9740924704980319,0.003740724292768839,0.0,7318.25,0.1111111111111111,,4.0,2.0,1.0,7.0,1,0,0,0,0,1,0,0,0,1,0,0,0,0,1,1,P 1,A
Maluku,Kota Tual,,,,,0.0,,,1.0,0.0,0.0,,1.0,8.0,0.0,0.0,0.0,0.0,1,0,0,0,0,1,0,0,0,0,1,0,0,0,0,1,,A
Maluku Utara,Kab. Halmahera Selatan,0.002320508655497285,0.0,0.002320508655497285,0.002320508655497285,0.0,2.0,0.14100957596571834,0.8504662643993418,0.019474146935279046,0.04668204600275025,,,,4.0,0.0,1.0,5.0,0,0,1,0,0,0,0,1,0,0,0,0,1,0,1,1,P 1,A
Maluku Utara,Kab. Halmahera Tengah,0.4502056723905074,0.0,0.4502056723905074,6.482732008489292e-05,0.0,,0.4501408450704225,1.0,0.0,0.0,,1.0,,3.0,2.0,1.0,6.0,1,0,0,0,0,1,0,0,0,1,0,0,0,0,1,1,P 1,A
Maluku Utara,Kab. Halmahera Timur,0.0,0.0,0.0,0.0,5.0,2.0,0.17138935184377238,0.8432055749128919,0.0,0.156794425087108,628.53,0.06,,,0.0,1.0,1.0,1,0,0,0,0,1,0,0,0,0,0,0,1,0,1,1,P 1,A
Maluku Utara,Kab. Halmahera Utara,0.012215014158553405,2.6569230970689774e-06,0.012212357235456335,0.012212357235456335,5.0,1.0,0.32439038322889413,0.9818492419389281,0.018150758061071963,0.0,3418.59,0.16068,,2.0,0.0,1.0,3.0,1,0,0,0,0,1,0,0,0,0,1,0,0,0,1,1,P 1,A
Maluku Utara,Kab. Pulau Morotai,0.0,0.0,0.0,0.0,3.8,,0.07054727583679453,1.0,0.0,0.0,221.88157894736844,0.13157894736842105,8.0,0.0,0.0,1.0,1.0,1,0,0,0,0,1,0,0,0,0,1,0,0,0,1,1,P 1,A
Nusa Tenggara Barat,Kab. Lombok Barat,0.3028531502340284,0.0,0.3028531502340284,0.03720497704254537,99999.99,,0.3047825246770637,0.800946338315948,0.02000215076889988,0.050005376922249704,0.3394135339413534,1.700000170000017e-05,32.0,7.0,2.0,0.0,9.0,0,1,0,0,1,0,0,0,0,0,0,1,0,0,1,1,P 1,A
Nusa Tenggara Barat,Kab. Sumbawa Barat,0.13475286379633403,0.0,0.13475286379633403,0.13475286379633403,5.0,2.0,0.6393184476587658,0.9890243902439024,0.01097560975609756,0.0,2993.0,0.0001,,3.0,0.0,1.0,4.0,1,0,0,0,0,1,0,0,0,1,0,0,0,0,1,1,P 1,A
Nusa Tenggara Timur,Kab. Alor,0.2050888888888889,0.0,0.2050888888888889,0.2050888888888889,,,,,,,,,,,,,0.0,0,0,1,0,0,0,0,1,0,0,0,0,1,0,1,0,P 1,
Nusa Tenggara Timur,Kab. Belu,0.0,0.0,0.0,0.0,0.0,,0.4491600390303729,0.9843674843674843,0.0036075036075036075,0.007215007215007215,,1.0,,3.0,0.0,1.0,4.0,0,1,0,0,1,0,0,0,0,0,0,0,1,0,1,1,P 1,A
Nusa Tenggara Timur,Kab. Ende,0.00029201734096309754,0.0,0.00029201734096309754,0.00029201734096309754,0.3,,0.26646582362882654,1.0,0.0,0.0,36500.0,1.0,,2.0,0.0,0.0,2.0,1,0,0,0,0,1,0,0,0,0,1,0,0,0,1,1,P 1,A
Nusa Tenggara Timur,Kab. Flores Timur,0.0017538062503802102,0.0,0.0017538062503802102,0.0017538062503802102,5.0,,0.1498788857488898,1.0,0.0,0.0,1300.8600000000001,0.096,7.0,0.0,0.0,1.0,1.0,1,0,0,0,0,1,0,0,0,0,0,0,1,0,1,1,P 1,A
Nusa Tenggara Timur,Kab. Kupang,8.425389489958514e-06,8.425389489958514e-06,0.0,8.425389489958514e-06,,,,,,,,,,,,,0.0,0,0,1,0,0,0,0,1,0,0,0,0,1,0,1,0,P 1,
Nusa Tenggara Timur,Kab. Lembata,0.1205855974449993,8.935239581486758e-05,0.12049624504918444,0.003488088178869162,,,,,,,,,,,,,0.0,0,0,1,0,0,0,0,1,0,0,0,0,1,0,1,0,P 1,
Nusa Tenggara Timur,Kab. Malaka,0.0,0.0,0.0,0.0,,,,,,,,,,,,,0.0,0,0,1,0,0,0,0,1,0,0,0,0,1,0,1,0,P 1,
Nusa Tenggara Timur,Kab. Manggarai,0.026852893508230665,0.0,0.026852893508230665,0.026852893508230665,2.38,,0.016507733760199983,1.0,0.0,0.0,354.2647058823529,,2.0,0.0,0.0,0.0,0.0,1,0,0,0,0,1,0,0,0,0,1,0,0,0,1,1,P 1,A
Nusa Tenggara Timur,Kab. Manggarai,0.026852893508230665,0.0,0.026852893508230665,0.026852893508230665,0.0,,0.16743558528202843,0.9585568203743006,0.0414431796256994,0.0,,,,0.0,0.0,0.0,0.0,1,0,0,0,0,1,0,0,0,0,0,0,1,0,1,1,P 1,A
Nusa Tenggara Timur,Kab. Manggarai Barat,0.04103335211749587,0.0,0.04103335211749587,0.04103335211749587,5.0,1.0,0.17619116698004603,0.8073587887142861,0.03852824225714277,0.0,1894.714,0.2686,,0.0,2.0,1.0,3.0,1,0,0,0,0,1,0,0,0,0,1,0,0,0,1,1,P 1,A
Nusa Tenggara Timur,Kab. Manggarai Timur,0.0,0.0,0.0,0.0,,,,,,,,,,,,,0.0,0,0,1,0,0,0,0,1,0,0,0,0,1,0,1,0,P 1,
Nusa Tenggara Timur,Kab. Nagekeo,0.07627884544903275,0.04608733099215683,0.030191514456875925,0.07627884544903275,,,,,,,,,,,,,0.0,0,0,1,0,0,0,0,1,0,0,0,0,1,0,1,0,P 1,
Nusa Tenggara Timur,Kab. Ngada,0.17642967049075212,0.0,0.17642967049075212,0.0,4.9,,0.1393384095317661,1.0,0.0,0.0,1264.8367346938774,0.1836734693877551,6.0,3.0,0.0,1.0,4.0,1,0,0,0,0,1,0,0,0,1,0,0,0,0,1,1,P 1,A
Nusa Tenggara Timur,Kab. Rote Ndao,0.016444705536522226,0.0,0.016444705536522226,0.016444705536522226,,,,,,,,,,,,,0.0,0,0,1,0,0,0,0,1,0,0,0,0,1,0,1,0,P 1,
Nusa Tenggara Timur,Kab. Sabu Raijua,0.14769960040176605,0.14769960040176605,0.0,0.14769960040176605,,,,,,,,,,,,,0.0,0,0,1,0,0,0,0,1,0,0,0,0,1,0,1,0,P 1,
Nusa Tenggara Timur,Kab. Sikka,0.030737124605008992,0.0,0.030737124605008992,0.030737124605008992,5.0,,0.23198026415732861,0.8021026592455164,0.027829313543599257,0.07730364873222016,2360.82,4e-05,,3.0,0.0,1.0,4.0,1,0,0,0,0,1,0,0,0,0,0,0,1,0,1,1,P 1,A
Nusa Tenggara Timur,Kab. Sumba Barat,0.0,0.0,0.0,0.0,,,,,,,,,,,,,0.0,0,0,1,0,0,0,0,1,0,0,0,0,1,0,1,0,P 1,
Nusa Tenggara Timur,Kab. Sumba Barat Daya,0.0,0.0,0.0,0.0,4.98,1.0,0.030416306740370238,1.0,0.0,0.0,366.46586345381525,,,2.0,0.0,0.0,2.0,1,0,0,0,0,1,0,0,0,0,1,0,0,0,1,1,P 1,A
Nusa Tenggara Timur,Kab. Sumba Tengah,0.01924697115327566,0.0005688358074353589,0.018678135345840303,0.01924697115327566,0.12,,0.024362785233704744,0.0,0.0,0.0,2737.5,1.0,12.0,0.0,0.0,0.0,0.0,1,0,0,0,0,1,0,0,0,0,1,0,0,0,1,1,P 1,A
Nusa Tenggara Timur,Kab. Sumba Timur,0.002094997356355972,0.0,0.002094997356355972,0.002094997356355972,9.0,,0.31157233185958366,0.9242424242424242,0.030303030303030304,0.0,1338.3333333333333,0.2411111111111111,12.0,0.0,0.0,0.0,0.0,1,0,0,0,0,1,0,0,0,0,1,0,0,0,1,1,P 1,A
Nusa Tenggara Timur,Kab. Timor Tengah Utara,0.0,0.0,0.0,0.0,,,,,,,,,,,,,0.0,0,0,1,0,0,0,0,1,0,0,0,0,1,0,1,0,P 1,
Nusa Tenggara Timur,Kota Kupang,0.08689737404614688,0.0,0.08689737404614688,0.08689737404614688,9.14,,0.6447315547232018,0.9888932146580927,0.009146764399217782,0.0019600209426895248,6112.335886214441,0.9801969365426696,,3.0,0.0,0.0,3.0,1,0,0,0,0,1,0,0,0,0,1,0,0,0,1,1,P 1,A
Papua,Kab. Keerom,0.0,0.0,0.0,0.0,,,,,,,,,,,,,0.0,0,0,1,0,0,0,0,1,0,0,0,0,1,0,1,0,P 1,
Papua,Kota Jayapura,0.012529893940273555,0.0004804448680495708,0.012049449072223986,0.012049449072223986,0.0,1.0,0.7174962757631796,1.0,0.0,0.0,,1.0,,1.0,2.0,1.0,4.0,0,0,1,0,0,0,0,1,0,0,0,0,1,0,1,1,P 1,A
Papua Barat,Kab. Fak Fak,,,,,0.0,,,1.0,0.0,0.0,,1.0,,0.0,1.0,0.0,1.0,1,0,0,0,0,1,0,0,0,0,1,0,0,0,0,1,,A
Papua Barat,Kab. Manokwari,0.0273972602739726,0.0,0.0273972602739726,0.0273972602739726,51.6,,0.7285616438356165,0.8119770612014665,0.1880229387985334,0.0,752.4234496124031,0.023255813953488372,16.0,2.0,0.0,0.0,2.0,1,0,0,0,0,1,0,0,0,0,1,0,0,0,1,1,P 1,A
Papua Barat,Kab. Teluk Bintuni,0.0,0.0,0.0,0.0,1.0,,0.8334800012636006,1.0,0.0,0.0,11081.4,0.001,,0.0,0.0,1.0,1.0,1,0,0,0,0,1,0,0,0,0,0,0,1,0,1,1,P 1,A
Papua Barat,Kab. Teluk Wondama,,,,,5.0,,,1.0,0.0,0.0,433.62,,7.0,1.0,0.0,0.0,1.0,1,0,0,0,0,1,0,0,0,0,1,0,0,0,0,1,,A
Papua Barat Daya,Kab. Sorong,0.13242043623198588,0.0024287344962171855,0.1299917017357687,0.1321124866427526,8.7,1.0,0.3213953127220156,0.9772045590881824,0.010797840431913617,0.0035992801439712055,699.3735632183909,0.09502298850574713,,3.0,0.0,1.0,4.0,1,0,0,0,0,1,0,0,0,0,1,0,0,0,1,1,P 1,A
Papua Barat Daya,Kab. Tambrauw,0.010757631637002347,0.0,0.010757631637002347,0.010757631637002347,,,,,,,,,,,,,0.0,0,0,1,0,0,0,0,1,0,0,0,0,1,0,1,0,P 1,
Papua Selatan,Kab. Asmat,0.00016542325409068482,0.0,0.00016542325409068482,0.00016542325409068482,,,,,,,,,,,,,0.0,0,0,1,0,0,0,0,1,0,0,0,0,1,0,1,0,P 1,
Papua Selatan,Kab. Boven Digoel,0.0005251361358352138,0.000347236756485241,0.00017789937934997282,0.0005251361358352138,,,,,,,,,,,,,0.0,0,0,1,0,0,0,0,1,0,0,0,0,1,0,1,0,P 1,
Papua Tengah,Kab. Mimika,0.01045358471077203,0.0,0.01045358471077203,0.01045358471077203,11.34,,0.5623380957325588,1.0,0.0,0.0,2903.584656084656,0.1763668430335097,,,,0.0,0.0,1,0,0,0,0,1,0,0,0,0,0,0,1,0,1,1,P 1,A
Riau,Kab. Siak,0.08694593163727035,0.00012558551309626177,0.0868203461241741,0.006186571717202977,10.0,3.0,0.2642407616588672,0.9688931297709923,0.0009541984732824427,0.0,1912.6,0.3,12.0,1.0,2.0,1.0,4.0,1,0,0,0,0,1,0,0,0,0,1,0,0,0,1,1,P 1,A
Riau,Kab. Siak,0.08694593163727035,0.00012558551309626177,0.0868203461241741,0.006186571717202977,4.0,3.0,0.090568016782314,0.910913140311804,0.0,0.0579064587973274,1638.85,0.75,24.0,1.0,2.0,1.0,4.0,1,0,0,0,0,1,0,0,0,0,1,0,0,0,1,1,P 1,A
Riau,Kota Dumai,0.27734412475387227,4.1953153751213485e-05,0.277302171600121,0.277302171600121,12.0,2.0,0.6902064989753868,0.9861337683523654,0.013866231647634585,0.0,3729.0833333333335,0.12333333333333334,13.0,2.0,1.0,1.0,4.0,1,0,0,0,0,1,0,0,0,0,1,0,0,0,1,1,P 1,A
Riau,Kota Pekanbaru,0.03804453516038207,0.0003499356170086856,0.03769459954337338,0.03804104154000663,5.0,2.0,0.7090143514014254,0.9463130486135344,0.053686951386465516,0.0,54389.380000000005,0.5,6.0,2.0,1.0,1.0,4.0,1,0,0,0,0,1,0,0,0,0,1,0,0,0,1,1,P 1,A
Sulawesi Barat,Kab. Majene,0.005880642298274658,7.855627663391391e-05,0.005802086021640744,0.005802086021640744,3.35,1.0,0.24959343350097882,0.967009111231267,0.030560756337107482,0.0,2959.116417910448,0.39450746268656717,6.0,2.0,0.0,1.0,3.0,1,0,0,0,0,1,0,0,0,0,1,0,0,0,1,1,P 1,A
Sulawesi Barat,Kab. Mamuju,0.06454641977954662,0.0,0.06454641977954662,0.06454641977954662,0.0,1.0,0.1852751639187896,0.9944600440160886,0.005539955983911361,0.0,,1.0,,1.0,2.0,1.0,4.0,1,0,0,0,0,1,0,0,0,0,1,0,0,0,1,1,P 1,A
Sulawesi Barat,Kab. Mamuju Tengah,2.753608805123089e-05,2.753608805123089e-05,0.0,0.0,2.0,,0.13959266859304548,0.9987506849315069,0.0012506849315068495,0.0,3650.0,1.0,8.0,4.0,1.0,1.0,6.0,1,0,0,0,0,1,0,0,0,0,0,0,1,0,1,1,P 1,A
Sulawesi Barat,Kab. Pasangkayu,0.01800945398074013,0.01351965862199296,0.004489795358747171,0.004489795358747171,0.98,1.0,0.2669015156258498,0.9787499999999999,0.021249999999999998,0.0,5959.183673469388,0.5975510204081632,,0.0,0.0,1.0,1.0,1,0,0,0,0,1,0,0,0,0,1,0,0,0,1,1,P 1,A
Sulawesi Selatan,Kab. Bantaeng,0.6006832071392497,0.0007569123022050391,0.5999262948370447,0.27464094741083034,,,,,,,,,,,,,0.0,0,0,1,0,0,0,0,1,0,0,0,0,1,0,1,0,P 1,
Sulawesi Selatan,Kab. Barru,0.5576242785979245,0.0,0.5576242785979245,0.1256112370112681,5.0,2.0,0.43201304158665643,0.9954232743244719,0.004576725675528107,0.0,2472.5099999999998,0.6,13.0,3.0,0.0,1.0,4.0,1,0,0,0,0,1,0,0,0,1,0,0,0,0,1,1,P 1,A
Sulawesi Selatan,Kab. Bone,0.1473560219288814,0.0008441979586264189,0.14651182397025497,0.14721283874958035,5.0,2.0,0.09606319769100234,0.9849018621036739,0.007549068948163059,0.007549068948163059,2901.02,0.3,17.0,3.0,2.0,1.0,6.0,0,1,0,0,1,0,0,0,0,1,0,0,0,0,1,1,P 1,A
Sulawesi Selatan,Kab. Bulukumba,0.31253748497929057,0.016059138668738728,0.2964783463105518,0.044955471157601706,2.45,2.0,0.2756557564744904,0.8805624192297751,0.04191987593693461,0.03498733522874128,7895.918367346938,0.6530612244897959,11.0,3.0,2.0,1.0,6.0,1,0,0,0,0,1,0,0,0,1,0,0,0,0,1,1,P 1,A
Sulawesi Selatan,Kab. Kepulauan Selayar,0.0017166910075699809,0.0,0.0017166910075699809,0.0017166910075699809,,,,,,,,,,,,,0.0,0,0,1,0,0,0,0,1,0,0,0,0,1,0,1,0,P 1,
Sulawesi Selatan,Kab. Luwu,0.00010753125827035349,8.886880848789545e-07,0.00010664257018547453,0.00010664257018547453,3.5,2.0,0.17126796771787212,0.9810606060606061,0.01893939393939394,0.0,2753.1428571428573,0.2857142857142857,,1.0,0.0,1.0,2.0,1,0,0,0,0,1,0,0,0,0,1,0,0,0,1,1,P 1,A
Sulawesi Selatan,Kab. Luwu Timur,0.11873901542177073,9.699360075189101e-05,0.11864202182101884,0.11864202182101884,2.0,,0.15459678722462977,0.825,0.025,0.05,3650.0,0.5,,2.0,2.0,0.0,4.0,1,0,0,1,0,0,0,0,0,0,1,0,0,0,1,1,P 1,A
Sulawesi Selatan,Kab. Luwu Timur,0.11873901542177073,9.699360075189101e-05,0.11864202182101884,0.11864202182101884,4.0,1.0,0.3268176081928673,0.9053926206244087,0.04730368968779564,0.04730368968779564,3858.05,0.25,,2.0,2.0,1.0,5.0,1,0,0,0,0,1,0,0,0,0,1,0,0,0,1,1,P 1,A
Sulawesi Selatan,Kab. Luwu Utara,0.028353252609909157,0.009974025158713344,0.01837922745119581,0.01952494552607555,0.0,,1.0,0.9972276415378801,4.1795898426317854e-05,0.0,,,,0.0,0.0,1.0,1.0,1,0,0,0,0,1,0,0,0,0,1,0,0,0,1,1,P 1,A
Sulawesi Selatan,Kab. Maros,0.5733467012161493,0.0009090633873410005,0.5724376378288082,0.017345775070826606,,,,,,,,,,,,,0.0,0,0,1,0,0,0,0,1,0,0,0,0,1,0,1,0,P 1,
Sulawesi Selatan,Kab. Pinrang,0.7641262061120024,0.0009739176915789956,0.7631522884204235,0.33767501939036215,6.0,3.0,0.43005398110854354,0.9781420765027322,0.006071645415907711,0.0036429872495446266,5009.625,0.008333333333333333,,3.0,2.0,1.0,6.0,1,0,0,0,0,1,0,0,0,1,0,0,0,0,1,1,P 1,A
Sulawesi Selatan,Kab. Sidenreng Rappang,,,,,4.5,4.0,,1.0,0.0,0.0,7756.655555555555,0.24444444444444444,8.0,4.0,2.0,1.0,7.0,1,0,0,0,0,1,0,0,0,1,0,0,0,0,0,1,,A
Sulawesi Selatan,Kab. Tana Toraja,0.4129139786174974,0.39840835323579543,0.014505625381701925,0.4120131303345688,,,,,,,,,,,,,0.0,0,0,1,0,0,0,0,1,0,0,0,0,1,0,1,0,P 1,
Sulawesi Selatan,Kota Makassar,0.015309133765693027,0.011701962298085644,0.0036071714676073835,0.014913286245828107,16.8,3.0,0.6640509764268863,0.9999968980869572,0.0,3.1019130428309054e-06,15351.509523809522,0.0011904761904761906,,2.0,2.0,1.0,5.0,1,0,0,0,0,1,0,0,0,0,1,0,0,0,1,1,P 1,A
Sulawesi Tengah,Kab. Banggai Kepulauan,0.022575768674955546,0.02241372038456501,0.00016204829039053636,0.00016204829039053636,,,,,,,,,,,,,0.0,0,0,1,0,0,0,0,1,0,0,0,0,1,0,1,0,P 1,
Sulawesi Tengah,Kab. Morowali,0.09245531110465526,0.0,0.09245531110465526,0.001855158825772857,4.8,2.0,0.16584079008782884,0.9904856787048567,0.0,0.0064856787048567874,1254.6875,0.05627083333333333,6.0,4.0,2.0,1.0,7.0,1,0,0,0,0,1,0,0,0,1,0,0,0,0,1,1,P 1,A
Sulawesi Tengah,Kab. Parigi Moutong,0.12080991841887272,0.0025847121511742618,0.11822520626769846,0.07922837800973011,,,,,,,,,,,,,0.0,0,0,1,0,0,0,0,1,0,0,0,0,1,0,1,0,P 1,
Sulawesi Tengah,Kab. Poso,,,,,14.0,2.0,,0.9794579445931695,0.020541295096836883,0.0,939.4664285714287,0.07142857142857142,7.0,4.0,2.0,1.0,7.0,1,0,0,0,0,1,0,0,0,1,0,0,0,0,0,1,,A
Sulawesi Tengah,Kab. Sigi,,,,,28.0,2.0,,1.0,0.0,0.0,294.2160714285714,0.017142857142857144,,4.0,0.0,1.0,5.0,1,0,0,0,0,1,0,0,0,1,0,0,0,0,0,1,,A
Sulawesi Tengah,Kota Palu,0.8185834503159282,0.0024333048695196705,0.8161501454464085,0.06354299724961293,0.0,3.0,0.7233437722948423,0.8832847234263915,0.10759493670886076,0.006525403155886943,,1.0,,7.0,2.0,1.0,10.0,1,0,0,0,0,1,0,0,0,0,0,1,0,0,1,1,P 1,A
Sulawesi Tenggara,Kab. Buton,0.0,0.0,0.0,0.0,5.0,,0.3278043663541598,0.99,0.01,0.0,1460.0,0.0016,,1.0,1.0,0.0,2.0,1,0,0,0,0,1,0,0,0,0,1,0,0,0,1,1,P 1,A
Sulawesi Tenggara,Kab. Kolaka,0.5090951295732451,0.0001640071547036536,0.5089311224185414,0.04174936626203614,10.0,1.0,0.46817165648310954,0.9780126900836538,0.021987309916346277,0.0,2158.063,0.13667,24.0,3.0,2.0,1.0,6.0,1,0,0,0,0,1,0,0,0,1,0,0,0,0,1,1,P 1,A
Sulawesi Tenggara,Kab. Kolaka Timur,0.10939907550077041,0.0,0.10939907550077041,0.04776579352850539,0.0,2.0,0.07704160246533127,1.0,0.0,0.0,,,,4.0,0.0,1.0,5.0,1,0,0,0,0,0,0,1,0,1,0,0,0,0,1,1,P 1,A
Sulawesi Tenggara,Kab. Konawe,0.25086871808777617,0.0,0.25086871808777617,0.12097380113211795,5.4,3.0,0.1609648826828041,0.9302325581395349,0.06976744186046512,0.0,1453.2407407407406,0.09796296296296296,14.0,4.0,1.0,1.0,6.0,1,0,0,0,0,1,0,0,0,1,0,0,0,0,1,1,P 1,A
Sulawesi Tenggara,Kab. Konawe Selatan,,,,,5.0,2.0,,1.0,0.0,0.0,1022.0,4e-05,6.0,3.0,0.0,1.0,4.0,1,0,0,0,0,1,0,0,0,1,0,0,0,0,0,1,,A
Sulawesi Tenggara,Kab. Konawe Utara,0.0,0.0,0.0,0.0,0.0,1.0,0.16008224203947125,1.0,0.0,0.0,,,,0.0,0.0,1.0,1.0,1,0,0,0,0,0,0,1,0,0,1,0,0,0,1,1,P 1,A
Sulawesi Tenggara,Kab. Wakatobi,,,,,0.0,,,1.0,0.0,0.0,,1.0,,0.0,2.0,1.0,3.0,1,0,0,0,0,0,0,1,0,0,0,0,1,0,0,1,,A
Sulawesi Tenggara,Kab. Wakatobi,,,,,5.7,1.0,,0.8757478140819144,0.009203865623561897,0.02300966405890474,1391.482456140351,0.1,,1.0,0.0,1.0,2.0,1,0,0,0,0,1,0,0,0,0,1,0,0,0,0,1,,A
Sulawesi Tenggara,Kota Kendari,0.9602322569645252,0.0,0.9602322569645252,0.4762057118079218,36.5,1.0,0.4840265451566035,1.0,0.0,0.0,1260.0,0.136986301369863,23.0,1.0,1.0,1.0,3.0,1,0,0,0,0,1,0,0,0,0,1,0,0,0,1,1,P 1,A
Sulawesi Utara,Kab. Bolaang Mongondow,2.1289509870774807e-06,0.0,2.1289509870774807e-06,2.1289509870774807e-06,,,0.06216536882266243,1.0,0.0,0.0,,,6.0,2.0,1.0,1.0,4.0,1,0,0,0,0,1,0,0,0,0,0,0,1,0,1,1,P 1,A
Sulawesi Utara,Kab. Bolaang Mongondow Selatan,0.46336326409213763,0.003008305539206069,0.46035495855293157,0.06051191362454233,389.0,,0.4120070629782225,1.0,0.0,0.0,11.822622107969151,0.00012853470437017994,,4.0,0.0,1.0,5.0,1,0,0,0,0,1,0,0,0,1,0,0,0,0,1,1,P 1,A
Sulawesi Utara,Kab. Bolaang Mongondow Timur,0.0,0.0,0.0,0.0,,,,,,,,,,,,,0.0,0,0,1,0,0,0,0,1,0,0,0,0,1,0,1,0,P 1,
Sulawesi Utara,Kab. Bolaang Mongondow Utara,0.5131608953409363,0.00010429403445906031,0.5130566013064773,0.001704506981084642,7.7,1.0,0.5681689936948807,1.0,0.0,0.0,948.051948051948,0.05850649350649351,,2.0,0.0,1.0,3.0,1,0,0,0,0,1,0,0,0,0,1,0,0,0,1,1,P 1,A
Sulawesi Utara,Kab. Kep. Siau Tagulandang Biaro,0.01277739633236186,0.0002544408177455961,0.012522955514616263,0.012522955514616263,0.0,,0.3261115519044701,0.9456521739130435,0.010869565217391304,0.021739130434782608,,1.0,,1.0,0.0,0.0,1.0,1,0,0,0,0,1,0,0,0,0,0,0,1,0,1,1,P 1,A
Sulawesi Utara,Kab. Kepulauan Sangihe,0.5020614097470779,0.001002940139232836,0.5010584696078451,0.003241654505388307,62.0,2.0,0.49781681510245673,0.8850000000000001,0.05821428571428572,0.03142857142857143,164.83870967741936,0.03693225806451613,11.0,1.0,0.0,1.0,2.0,1,0,0,0,0,1,0,0,0,1,0,0,0,0,1,1,P 1,A
Sulawesi Utara,Kab. Kepulauan Talaud,6.823656251492675e-07,6.823656251492675e-07,0.0,0.0,3.9,,0.1235354727770234,1.0,0.0,0.0,464.20512820512823,0.15384615384615385,8.0,,0.0,1.0,1.0,1,0,0,0,0,1,0,0,0,0,0,0,1,0,1,1,P 1,A
Sulawesi Utara,Kab. Minahasa,0.2602225031024783,0.007590906184407959,0.25263159691807036,0.2602225031024783,,,,,,,,,,,,,0.0,0,0,1,0,0,0,0,1,0,0,0,0,1,0,1,0,P 1,
Sulawesi Utara,Kab. Minahasa Selatan,0.0023906888601620173,0.0023906888601620173,0.0,0.0,0.0,1.0,0.23830245762360647,1.0,0.0,0.0,,1.0,,0.0,1.0,1.0,2.0,1,0,0,0,0,1,0,0,0,0,1,0,0,0,1,1,P 1,A
Sulawesi Utara,Kab. Minahasa Tenggara,0.26790921848732857,0.0,0.26790921848732857,0.0014377954480536417,5.0,2.0,0.6078312715711656,0.9898305084745763,0.005084745762711864,0.0023728813559322033,2153.5,0.13694,9.0,3.0,0.0,1.0,4.0,1,0,0,0,0,1,0,0,0,1,0,0,0,0,1,1,P 1,A
Sulawesi Utara,Kab. Minahasa Utara,0.0010875814238003611,0.0,0.0010875814238003611,0.0010875814238003611,,,,,,,,,,,,,0.0,0,0,1,0,0,0,0,1,0,0,0,0,1,0,1,0,P 1,
Sulawesi Utara,Kota Bitung,0.0024679933434355625,0.002062368195606439,0.0004056251478291234,0.0005986088685003009,,,,,,,,,,,,,0.0,0,0,1,0,0,0,0,1,0,0,0,0,1,0,1,0,P 1,
Sulawesi Utara,Kota Kotamobagu,0.06705545073942012,0.0002618031979829771,0.06679364754143714,0.0669811466916834,2.8,2.0,0.6307069856239058,0.9672461116193962,0.0192131747483989,0.013540713632204942,7124.017857142858,0.35714285714285715,9.0,1.0,2.0,1.0,4.0,1,0,0,0,0,1,0,0,0,0,1,0,0,0,1,1,P 1,A
Sulawesi Utara,Kota Manado,0.11781796086316619,0.028474963501704243,0.08934299736146194,0.11753848608326645,13.7,1.0,0.8106619443449111,0.8825833333333334,0.10083333333333333,0.00325,6394.160583941606,1.2408759124087591e-05,53.0,2.0,0.0,1.0,3.0,1,0,0,0,0,1,0,0,0,0,1,0,0,0,1,1,P 1,A
Sulawesi Utara,Kota Tomohon,0.025782009447693516,0.0,0.025782009447693516,0.025782009447693516,,,,,,,,,,,,,0.0,0,0,1,0,0,0,0,1,0,0,0,0,1,0,1,0,P 1,
Sumatera Barat,Kab. Agam,0.5113289843499229,0.0006276618440315977,0.5107013225058914,0.15958696890339855,13.79,1.0,0.013109092546053818,1.0,0.0,0.0,77.71138506163888,0.19361856417693982,12.0,4.0,2.0,1.0,7.0,0,1,0,1,0,0,0,0,0,1,0,0,0,0,1,1,P 1,A
Sumatera Barat,Kab. Agam,0.5113289843499229,0.0006276618440315977,0.5107013225058914,0.15958696890339855,5.5,1.0,0.3999999266035653,0.995869920698196,0.0007813663543953616,0.0011162376491362308,5945.296363636364,0.0018181818181818182,10.0,4.0,0.0,1.0,5.0,1,0,0,0,0,1,0,0,0,1,0,0,0,0,1,1,P 1,A
Sumatera Barat,Kab. Dharmasraya,0.6637517109815376,0.3604117492787831,0.30333996170275446,0.6637517109815376,6.0,2.0,0.1803042223970627,0.9454545454545454,0.00909090909090909,0.045454545454545456,1338.3333333333333,0.3333333333333333,11.0,0.0,1.0,1.0,2.0,1,0,0,0,0,1,0,0,0,0,1,0,0,0,1,1,P 1,A
Sumatera Barat,Kab. Padang Pariaman,0.07112299146166101,0.01980942379636867,0.05131356766529233,0.05131356766529233,0.0,,0.6899407507294284,1.0,0.0,0.0,,1.0,,1.0,0.0,0.0,1.0,1,0,0,0,0,0,0,1,0,0,1,0,0,0,1,1,P 1,A
Sumatera Barat,Kab. Pesisir Selatan,0.3812476293666489,4.4996053863184963e-05,0.3812026333127857,0.14282055453958004,3.6,2.0,0.23842262654797974,0.9969445381286911,0.0,0.00305546187130894,3871.027777777778,0.3333333333333333,,1.0,2.0,1.0,4.0,1,0,0,0,0,1,0,0,0,1,0,0,0,0,1,1,P 1,A
Sumatera Barat,Kab. Solok,0.27051098096583637,0.0014894168795239473,0.26902156408631245,0.12709724081559634,6.24,1.0,0.12791462612382137,0.9857142857142858,0.014285714285714285,0.0,1228.3653846153845,0.3367948717948718,11.0,4.0,2.0,1.0,7.0,0,1,0,0,1,0,0,0,0,1,0,0,0,0,1,1,P 1,A
Sumatera Barat,Kab. Solok Selatan,0.29574247110690566,0.001991286299658613,0.29375118480724705,0.29375118480724705,5.4,1.0,0.21718833290936812,1.0,0.0,0.0,992.9351851851852,0.08101851851851852,,3.0,0.0,1.0,4.0,1,0,0,0,0,1,0,0,0,1,0,0,0,0,1,1,P 1,A
Sumatera Barat,Kab. Tanah Datar,,,,,3.0,2.0,,0.9929683486340996,0.002242064821639974,0.004790144966382989,5969.2,1.0,19.0,3.0,0.0,1.0,4.0,1,0,0,0,0,1,0,0,0,1,0,0,0,0,0,1,,A
Sumatera Barat,Kota Bukittinggi,0.8535285559198658,0.001343894128476116,0.8521846617913896,0.12297221059601948,,,,,,,,,,,,,0.0,0,0,1,0,0,0,0,1,0,0,0,0,1,0,1,0,P 1,
Sumatera Barat,Kota Padang,0.9845769456423121,0.013916579155821833,0.9706603664864902,0.2514977316255279,,,,,,,,,,,,,0.0,0,0,1,0,0,0,0,1,0,0,0,0,1,0,1,0,P 1,
Sumatera Barat,Kota Padang Panjang,0.9662090094300688,0.003519258372308164,0.9626897510577607,0.11487972026023002,,,,,,,,,,,,,0.0,0,0,1,0,0,0,0,1,0,0,0,0,1,0,1,0,P 1,
Sumatera Barat,Kota Pariaman,0.11548287555796835,0.0,0.11548287555796835,0.11548287555796835,14.0,,0.5633938460056821,0.9572649572649573,0.042735042735042736,0.0,610.0714285714286,0.10714285714285714,,2.0,0.0,0.0,2.0,1,0,0,0,0,1,0,0,0,0,1,0,0,0,1,1,P 1,A
Sumatera Barat,Kota Payakumbuh,0.14018398281861952,0.00015833289037822334,0.1400256499282413,0.1400256499282413,2.9,,0.7684206181089852,0.8724147193123825,0.060435132957292505,0.037604082728982004,9371.689655172415,,,,0.0,0.0,0.0,1,0,0,0,0,1,0,0,0,0,0,0,1,0,1,1,P 1,A
Sumatera Barat,Kota Sawahlunto,0.9301416102309015,0.018370749166098394,0.9117708610648031,0.20091654435160683,25.0,2.0,0.7274839448137228,0.9986360078277886,0.0013639921722113503,0.0,204.4,0.2,,4.0,0.0,1.0,5.0,1,0,0,0,0,1,0,0,0,1,0,0,0,0,1,1,P 1,A
Sumatera Barat,Kota Solok,0.9821600372207243,0.003092577402500321,0.9790674598182241,0.19739839213423982,6.24,2.0,0.7825039720862865,1.0,0.0,0.0,2741.1201923076924,0.3367948717948718,11.0,3.0,2.0,1.0,6.0,0,1,0,0,1,0,0,0,0,1,0,0,0,0,1,1,P 1,A
Sumatera Selatan,Kab. Muara Enim,0.5120132876901637,7.334087487072362e-07,0.512012554281415,0.18121901544485486,,,,,,,,,,,,,0.0,0,0,1,0,0,0,0,1,0,0,0,0,1,0,1,0,P 1,
Sumatera Selatan,Kab. Musi Banyuasin,0.33799149559261504,0.018558821105447484,0.31943267448716756,0.19457237325209598,1.0,,0.008847469623687624,0.7647058823529411,0.1568627450980392,0.0,930.75,,8.0,0.0,0.0,0.0,0.0,1,0,0,1,0,0,0,0,0,0,1,0,0,0,1,1,P 1,A
Sumatera Selatan,Kab. Musi Banyuasin,0.33799149559261504,0.018558821105447484,0.31943267448716756,0.19457237325209598,1.0,,0.010408787792573676,0.6,0.1,0.16666666666666666,1095.0,0.1,6.0,1.0,0.0,1.0,2.0,1,0,0,0,0,1,0,0,0,1,0,0,0,0,1,1,P 1,A
Sumatera Selatan,Kab. Musi Banyuasin,0.33799149559261504,0.018558821105447484,0.31943267448716756,0.19457237325209598,1.0,,0.014225343316517357,0.7951219512195122,0.1073170731707317,0.0,1496.5,,7.0,0.0,0.0,0.0,0.0,1,0,0,1,0,0,0,0,0,0,1,0,0,0,1,1,P 1,A
Sumatera Selatan,Kab. Musi Banyuasin,0.33799149559261504,0.018558821105447484,0.31943267448716756,0.19457237325209598,1.0,,0.01058226758911657,0.7901639344262295,0.2098360655737705,0.0,1113.25,,8.0,0.0,0.0,0.0,0.0,1,0,0,1,0,0,0,0,0,0,1,0,0,0,1,1,P 1,A
Sumatera Selatan,Kab. Musi Banyuasin,0.33799149559261504,0.018558821105447484,0.31943267448716756,0.19457237325209598,1.0,,0.005724833285915522,0.7818181818181819,0.2181818181818182,0.0,602.25,,7.0,0.0,0.0,0.0,0.0,1,0,0,0,0,1,0,0,0,0,1,0,0,0,1,1,P 1,A
Sumatera Selatan,Kab. Musi Banyuasin,0.33799149559261504,0.018558821105447484,0.31943267448716756,0.19457237325209598,1.0,,0.008500510030601836,0.7877551020408163,0.04897959183673469,0.08163265306122448,894.25,,7.0,0.0,0.0,0.0,0.0,1,0,0,1,0,0,0,0,0,0,1,0,0,0,1,1,P 1,A
Sumatera Selatan,Kab. Musi Banyuasin,0.33799149559261504,0.018558821105447484,0.31943267448716756,0.19457237325209598,0.65,,0.021684974567861826,0.792,0.16,0.0,3509.6153846153843,,,1.0,0.0,0.0,1.0,1,0,0,1,0,0,0,0,0,0,1,0,0,0,1,1,P 1,A
Sumatera Selatan,Kab. Musi Banyuasin,0.33799149559261504,0.018558821105447484,0.31943267448716756,0.19457237325209598,3.0,,0.02116453517823314,0.8360655737704918,0.16393442622950818,0.0,742.1666666666666,0.08333333333333333,7.0,0.0,0.0,0.0,0.0,1,0,0,1,0,0,0,0,0,0,1,0,0,0,1,1,P 1,A
Sumatera Selatan,Kab. Musi Banyuasin,0.33799149559261504,0.018558821105447484,0.31943267448716756,0.19457237325209598,8.0,5.0,0.11484362531139623,0.8489425981873112,0.030211480362537766,0.06042296072507553,1510.1875,0.125,,4.0,2.0,1.0,7.0,1,0,0,0,0,1,0,0,0,1,0,0,0,0,1,1,P 1,A
Sumatera Selatan,Kab. Musi Rawas,,,,,5.0,2.0,,0.9986842105263158,0.0013157894736842105,0.0,2774.0,0.128,11.0,0.0,1.0,1.0,2.0,1,0,0,0,0,1,0,0,0,0,1,0,0,0,0,1,,A
Sumatera Selatan,Kab. Ogan Komering Ulu,0.1637027123987721,0.00018420633497702514,0.1635185060637951,0.1635185060637951,33.4,5.0,0.36533963767369,0.9035087719298246,0.07894736842105263,0.017543859649122806,622.9041916167665,0.0014970059880239522,14.0,0.0,0.0,1.0,1.0,1,0,0,0,0,1,0,0,0,0,1,0,0,0,1,1,P 1,A
Sumatera Selatan,Kab. Ogan Komering Ulu Selatan,0.0,0.0,0.0,0.0,32.0,1.0,0.5568415640024608,0.9976831421006178,0.0023168578993821715,0.0,1033.8625,0.0078125,9.0,3.0,1.0,1.0,5.0,1,0,0,0,0,1,0,0,0,1,0,0,0,0,1,1,P 1,A
Sumatera Selatan,Kab. Ogan Komering Ulu Timur,,,,,3.8,2.0,,0.9752214661702402,0.011683142893824624,0.0030812684555141866,7481.539473684211,0.010361842105263157,6.0,3.0,2.0,1.0,6.0,1,0,0,0,0,1,0,0,0,1,0,0,0,0,0,1,,A
Sumatera Selatan,Kab. Ogan Komering Ulu Timur,,,,,1.1,3.0,,0.9669811320754716,0.016981132075471698,0.016037735849056604,17586.363636363636,0.020454545454545454,18.0,3.0,2.0,0.0,5.0,1,0,0,0,0,1,0,0,0,1,0,0,0,0,0,1,,A
Sumatera Selatan,Kab. Penukal Abab Lematang Ilir,,,,,8.4,,,0.99375,0.00625,0.0,1738.095238095238,0.47619047619047616,8.0,0.0,0.0,0.0,0.0,1,0,0,0,0,1,0,0,0,0,1,0,0,0,0,1,,A
Sumatera Selatan,Kota Pagar Alam,0.0038399993266850494,0.0,0.0038399993266850494,0.0038399993266850494,10.0,3.0,0.6109438928755914,0.993086109365179,0.0069138906348208675,0.0,1742.145,0.21384,13.0,3.0,0.0,1.0,4.0,1,0,0,0,0,1,0,0,0,1,0,0,0,0,1,1,P 1,A
Sumatera Selatan,Kota Prabumulih,0.20370959767053082,0.0003659088937416539,0.20334368877678918,0.20334368877678918,8.5,2.0,0.6265025549754827,0.9968992248062015,0.0031007751937984496,0.0,2769.705882352941,0.17647058823529413,26.0,0.0,2.0,1.0,3.0,1,0,0,0,0,1,0,0,0,0,1,0,0,0,1,1,P 1,A
Sumatera Utara,Kab. Humbang Hasundutan,0.3819280594068663,0.0,0.3819280594068663,0.02779073880189567,3.5,2.0,1.0,0.9289415247964471,0.0,0.06291635825314582,7044.5,0.12802857142857144,5.0,3.0,2.0,1.0,6.0,1,0,0,0,0,1,0,0,0,1,0,0,0,0,1,1,P 1,A
Sumatera Utara,Kab. Nias,0.021888025566320947,0.0,0.021888025566320947,0.021888025566320947,,,,,,,,,,,,,0.0,0,0,1,0,0,0,0,1,0,0,0,0,1,0,1,0,P 1,
Sumatera Utara,Kab. Pakpak Bharat,0.313976695245236,0.27001012987734274,0.043966565367893236,0.313976695245236,1.0,,0.08725700066284894,0.9853604538536045,0.014653383146533831,0.0,722.7,0.0468,8.0,1.0,0.0,0.0,1.0,1,0,0,0,0,1,0,0,0,0,0,0,1,0,1,1,P 1,A
Sumatera Utara,Kab. Pakpak Bharat,0.313976695245236,0.27001012987734274,0.043966565367893236,0.313976695245236,2.0,,0.24282124931934226,0.9916515426497277,0.008348457350272231,0.0,1005.575,0.1339485,8.0,1.0,0.0,0.0,1.0,1,0,0,0,0,1,0,0,0,0,0,0,1,0,1,1,P 1,A
Sumatera Utara,Kab. Simalungun,0.00711010249176965,0.0,0.00711010249176965,0.00711010249176965,14.08,2.0,0.2585482482496407,0.9995652173913043,0.0,0.00043478260869565214,3577.4147727272725,0.2663352272727273,,1.0,1.0,0.0,2.0,1,0,0,0,0,1,0,0,0,0,1,0,0,0,1,1,P 1,A
Sumatera Utara,Kab. Toba,,,,,0.0,,,1.0,0.0,0.0,,,,0.0,0.0,1.0,1.0,1,0,0,0,0,1,0,0,0,0,1,0,0,0,0,1,,A
Sumatera Utara,Kab. Toba,,,,,0.0,,,1.0,0.0,0.0,,,,0.0,0.0,0.0,0.0,1,0,0,0,0,1,0,0,0,0,1,0,0,0,0,1,,A
Sumatera Utara,Kota Medan,0.9633507250923269,0.03536860429555946,0.9279821207967675,0.24774026273409241,14.0,1.0,0.7154340265810069,0.8005846775972448,0.19917438564592538,0.00024093675682974845,32462.579285714284,0.5,32.0,3.0,2.0,1.0,6.0,1,0,0,0,0,1,0,0,0,1,0,0,0,0,1,1,P 1,A
Sumatera Utara,Kota Tanjung Balai,0.20309718398088664,0.06289789199190012,0.1401992919889865,0.20309310490508867,41236.0,3.0,0.7112509651384701,0.986244019138756,0.013008373205741627,0.0002990430622009569,0.591987583664759,1.2125327383839364e-05,16.0,,2.0,1.0,3.0,1,0,0,0,0,1,0,0,0,0,1,0,0,0,1,1,P 1,A
